time,status,group
0.12741906708106399,1,0
0.94290159790594874,1,0
0.096045293379575014,1,0
1.5190047676766161,1,0
0.39205656456761062,0,0
0.20775213450788724,1,0
0.7875065510161221,0,0
0.37933119479566813,1,0
1.4688421580940485,0,0
0.07615210535004735,1,0
0.82317287824116647,0,0
1.1525946091440442,1,0
0.48947722907178104,0,0
2.0789664136245847,0,0
0.088933261577039957,1,0
0.066409799968823791,0,0
0.0062287226319313049,1,0
0.52012119395658374,1,0
1.8747166003191713,1,0
1.9035474247390274,1,0
1.6771613712513689,1,0
1.4799142798874527,0,0
0.20877769754793321,1,0
1.1651139543391764,0,0
1.0138500146147731,1,0
1.1076492946174863,1,0
1.3389613069173816,1,0
0.73825157387182117,0,0
0.044521923176944256,0,0
0.38454756559804082,1,0
0.96705019008368254,0,0
0.2080620112597634,1,0
1.0817951457154873,1,0
0.46962669957429171,0,0
0.020430477568879724,0,0
0.059414725122328448,1,0
0.98256870545446873,0,0
0.034755083389614444,1,0
0.76705489842389407,1,0
1.0818867226642492,1,0
1.0607635478954762,0,0
0.23069729163489514,1,0
0.10880981348358847,1,0
0.060607482213526964,1,0
1.0172216379594925,1,0
0.23189349099993706,1,0
1.4233739188963417,1,0
0.86981885541201864,1,0
1.537425342270486,1,0
0.84478018549270928,0,0
0.17960950033739209,1,0
0.21304610892320217,1,0
0.075069006532430649,1,0
0.088959417771548033,1,0
0.33654294675216079,1,0
0.37104626558721066,1,0
0.16583819780498743,0,0
0.19247067382440841,1,0
1.0387993305501464,1,0
0.13336538523435593,1,0
2.0205798710423002,1,0
0.11079810218663651,1,0
0.91184607423366326,1,0
0.7764417655852649,1,0
0.0087202875375158879,1,0
0.37554579600691795,1,0
2.4986636464018375,0,0
1.645845582624698,1,0
0.17676815297454596,1,0
0.16277557681314647,0,0
0.47808776537498421,1,0
0.83140046638436615,0,0
0.11742898682132363,1,0
0.29350236663594842,1,0
0.43193688383325934,1,0
0.91781647433526814,0,0
0.29269514326006174,1,0
0.29766843281686306,0,0
1.0842316823545843,0,0
0.060617707204073668,1,0
0.4964065607637167,1,0
0.27640454843640327,1,0
0.26418084211401849,1,0
0.10242525978009109,1,0
1.1064649082254618,0,0
0.54180904990062118,1,0
0.20627099624834955,0,0
0.03715301351621747,1,0
0.23190130246803164,1,0
0.56907416484318674,0,0
0.49430760415270925,1,0
0.14227343769744039,1,0
0.56739092338830233,1,0
0.24190409271977842,0,0
0.23795523354783654,0,0
1.4880525344051421,0,0
0.50752946220718331,1,0
0.49236097699031234,1,0
0.61942147184163332,1,0
2.3351557280402631,0,0
1.0570712644776832,1,1
0.079147877244532192,1,1
0.43986332450778148,1,1
0.87805283095525022,1,1
0.1093100021113185,1,1
1.6891087464496282,1,1
0.029100339571820882,1,1
0.25865058973431587,0,1
0.35027565485162176,1,1
0.87232019251489035,1,1
0.10237013821836284,1,1
0.082978314952924848,0,1
0.31729024164443442,1,1
0.35171317994291856,1,1
0.70297966637343734,1,1
0.89624818424439601,1,1
0.34438946713794649,1,1
0.22685146762381816,1,1
0.35904034157283604,0,1
0.54915455885798947,1,1
0.039477184857864105,1,1
1.3750788177774895,1,1
0.51557931063083273,1,1
0.1852847723031692,1,1
1.1434464609091759,1,1
0.79284898261539638,0,1
0.84412564756348729,0,1
0.49494468445765483,1,1
1.3004177740750476,1,1
1.7098679989739793,1,1
0.0492421990812002,1,1
0.65119609571852677,1,1
0.21862050722382664,1,1
0.022509872656740232,1,1
0.30822085066869709,1,1
0.040712953777983785,0,1
0.37527194184936713,1,1
0.004665883393207673,1,1
0.4143172594636389,1,1
0.38808237338630186,1,1
0.59121724494844252,1,1
0.42192336986772716,0,1
0.13163597187710799,1,1
0.55890969000756741,0,1
0.085493176897101744,1,1
0.20696546416729689,0,1
0.3314371743683448,1,1
0.25268315397895746,1,1
0.0054498923302406608,1,1
0.56445434562566821,1,1
0.3840715535916388,0,1
0.27877385602615629,1,1
0.067085264793997346,1,1
0.02138068699512102,1,1
0.83208635598183134,1,1
0.44212415499972235,1,1
0.019432829352031389,1,1
0.18811927108616863,1,1
0.53399991429715332,1,1
0.63432835593494286,1,1
0.1140307115048288,1,1
1.0115373014279541,1,1
0.23406645182554192,1,1
0.00083628530031174203,1,1
0.28490065050898356,1,1
0.31879588196159059,1,1
0.065615938822080375,1,1
0.46686694923372163,1,1
0.26338441536423718,1,1
0.29976316820830107,0,1
0.14840123189661078,1,1
0.41387319989189009,1,1
0.50226390506419094,1,1
0.057043536414739929,1,1
0.21904497285420349,1,1
0.16932449676096439,0,1
0.3431968032149128,1,1
0.00077430191279635784,1,1
0.042540432885289192,0,1
0.0090070933280011374,1,1
0.46824057810900305,1,1
0.037003926125147815,1,1
0.17614257796095961,1,1
0.38059555194134626,1,1
0.26194702779331974,1,1
0.71861040723051972,1,1
0.30883590165041747,1,1
1.3695322398561984,0,1
0.35071058725883386,1,1
0.069983090114278501,1,1
0.1557001498172968,1,1
0.057607717530305635,1,1
0.04511516324488872,1,1
0.13517092112128767,1,1
0.14909844176191633,1,1
0.93474781744729374,1,1
0.2499471884377146,1,1
0.095904323444520156,1,1
0.45367858408366318,1,1
0.59043425789461057,1,1
