censrec,rectime,group,recyrs
0,1342,Good,3.6767123287671235
0,1578,Good,4.3232876712328769
0,1760,Good,4.8219178082191778
0,1152,Good,3.1561643835616437
0,967,Good,2.6493150684931508
0,629,Good,1.7232876712328766
0,461,Good,1.263013698630137
1,991,Good,2.7150684931506848
0,758,Good,2.0767123287671234
0,1617,Good,4.4301369863013695
0,1767,Good,4.8410958904109593
0,432,Good,1.1835616438356165
0,892,Good,2.4438356164383563
0,1933,Good,5.2958904109589042
0,2456,Good,6.7287671232876711
0,553,Good,1.515068493150685
0,1833,Good,5.021917808219178
0,1624,Good,4.4493150684931511
0,1222,Good,3.3479452054794518
0,1499,Good,4.1068493150684935
1,755,Good,2.0684931506849313
0,722,Good,1.978082191780822
0,368,Good,1.0082191780821919
0,1499,Good,4.1068493150684935
0,1109,Good,3.0383561643835617
0,1435,Good,3.9315068493150687
0,2556,Good,7.0027397260273974
0,747,Good,2.0465753424657533
0,1432,Good,3.9232876712328766
0,2237,Good,6.1287671232876715
0,2449,Good,6.7095890410958905
0,1853,Good,5.0767123287671234
0,1858,Good,5.0904109589041093
0,695,Good,1.904109589041096
0,1781,Good,4.8794520547945206
0,2009,Good,5.5041095890410956
0,213,Good,0.58356164383561648
0,1627,Good,4.4575342465753423
0,2056,Good,5.6328767123287671
1,1279,Good,3.504109589041096
0,2372,Good,6.4986301369863018
0,2297,Good,6.2931506849315069
0,1984,Good,5.4356164383561643
0,1720,Good,4.7123287671232879
1,1329,Good,3.6410958904109587
0,2539,Good,6.956164383561644
0,2659,Good,7.2849315068493148
0,529,Good,1.4493150684931506
0,322,Good,0.88219178082191785
0,1169,Good,3.2027397260273971
0,1114,Good,3.0520547945205481
1,1989,Good,5.4493150684931511
0,1094,Good,2.9972602739726026
0,1765,Good,4.8356164383561646
0,2065,Good,5.6575342465753424
1,801,Good,2.1945205479452055
0,1329,Good,3.6410958904109587
0,1692,Good,4.6356164383561644
1,1352,Good,3.7041095890410958
1,982,Good,2.6904109589041094
0,2217,Good,6.0739726027397261
0,1818,Good,4.9808219178082194
1,1420,Good,3.8904109589041096
0,2370,Good,6.493150684931507
0,1703,Good,4.6657534246575345
0,1840,Good,5.0410958904109586
0,1486,Good,4.0712328767123287
0,753,Good,2.0630136986301371
0,1212,Good,3.3205479452054796
0,1364,Good,3.7369863013698632
0,761,Good,2.0849315068493151
1,2039,Good,5.5863013698630137
1,865,Good,2.3698630136986303
0,1756,Good,4.8109589041095893
0,2148,Good,5.8849315068493153
0,1938,Good,5.3095890410958901
0,1171,Good,3.2082191780821918
0,2170,Good,5.9452054794520546
0,1625,Good,4.4520547945205475
0,967,Good,2.6493150684931508
0,2014,Good,5.5178082191780824
0,2195,Good,6.0136986301369859
0,8,Good,0.021917808219178082
0,273,Good,0.74794520547945209
0,2271,Good,6.2219178082191782
0,2172,Good,5.9506849315068493
0,1818,Good,4.9808219178082194
0,1666,Good,4.5643835616438357
0,1490,Good,4.0821917808219181
0,2132,Good,5.8410958904109593
1,983,Good,2.6931506849315068
1,1105,Good,3.0273972602739727
0,970,Good,2.6575342465753424
0,1632,Good,4.4712328767123291
0,319,Good,0.87397260273972599
0,1926,Good,5.2767123287671236
1,799,Good,2.1890410958904107
0,46,Good,0.12602739726027398
1,550,Good,1.5068493150684932
1,662,Good,1.8136986301369864
0,1356,Good,3.7150684931506848
0,1117,Good,3.0602739726027397
0,2010,Good,5.506849315068493
1,1343,Good,3.6794520547945204
0,57,Good,0.15616438356164383
0,1355,Good,3.7123287671232879
0,1717,Good,4.7041095890410958
0,1922,Good,5.2657534246575342
0,2156,Good,5.9068493150684933
1,559,Good,1.5315068493150685
0,1743,Good,4.7753424657534245
1,1090,Good,2.9863013698630136
1,205,Good,0.56164383561643838
0,1786,Good,4.8931506849315065
0,1645,Good,4.506849315068493
0,1869,Good,5.1205479452054794
0,1976,Good,5.4136986301369863
0,1119,Good,3.0657534246575344
1,2093,Good,5.7342465753424658
0,1317,Good,3.6082191780821917
0,2049,Good,5.6136986301369864
0,1680,Good,4.602739726027397
0,1427,Good,3.9095890410958902
0,740,Good,2.0273972602739727
0,2401,Good,6.5780821917808217
1,1002,Good,2.7452054794520548
1,1675,Good,4.5890410958904111
1,1459,Good,3.9972602739726026
0,1600,Good,4.3835616438356162
0,734,Good,2.010958904109589
1,1371,Good,3.7561643835616438
0,195,Good,0.53424657534246578
0,969,Good,2.6547945205479451
0,1703,Good,4.6657534246575345
1,637,Good,1.7452054794520548
0,570,Good,1.5616438356164384
1,1679,Good,4.5999999999999996
0,2471,Good,6.7698630136986298
0,2296,Good,6.2904109589041095
0,1340,Good,3.6712328767123288
0,1514,Good,4.1479452054794521
0,652,Good,1.7863013698630137
0,806,Good,2.2082191780821918
0,1721,Good,4.7150684931506852
0,651,Good,1.7835616438356163
1,890,Good,2.4383561643835616
1,784,Good,2.1479452054794521
0,692,Good,1.8958904109589041
0,741,Good,2.0301369863013701
0,2237,Good,6.1287671232876715
0,1163,Good,3.1863013698630138
1,762,Good,2.0876712328767124
1,476,Good,1.3041095890410959
0,1349,Good,3.6958904109589041
0,2161,Good,5.9205479452054792
1,729,Good,1.9972602739726026
0,1722,Good,4.7178082191780826
0,229,Good,0.62739726027397258
1,598,Good,1.6383561643835616
0,1905,Good,5.2191780821917808
0,1751,Good,4.7972602739726025
1,1641,Good,4.4958904109589044
0,1219,Good,3.3397260273972602
0,1475,Good,4.0410958904109586
0,1926,Good,5.2767123287671236
0,1358,Good,3.7205479452054795
0,1341,Good,3.6739726027397261
1,475,Good,1.3013698630136987
0,2438,Good,6.6794520547945204
0,1264,Good,3.463013698630137
0,1091,Good,2.989041095890411
0,2372,Good,6.4986301369863018
0,114,Good,0.31232876712328766
1,1753,Good,4.8027397260273972
1,557,Good,1.526027397260274
1,1521,Good,4.1671232876712327
0,1701,Good,4.6602739726027398
0,858,Good,2.3506849315068492
0,1296,Good,3.5506849315068494
0,1350,Good,3.6986301369863015
0,1884,Good,5.161643835616438
0,2551,Good,6.9890410958904106
0,1722,Good,4.7178082191780826
0,972,Good,2.6630136986301371
0,945,Good,2.5890410958904111
0,1629,Good,4.463013698630137
0,2192,Good,6.0054794520547947
0,2017,Good,5.5260273972602736
1,1105,Good,3.0273972602739727
1,1146,Good,3.1397260273972605
1,612,Good,1.6767123287671233
0,1441,Good,3.9479452054794519
0,296,Good,0.81095890410958904
1,748,Good,2.0493150684931507
0,986,Good,2.7013698630136984
0,936,Good,2.5643835616438357
1,1174,Good,3.2164383561643834
0,1342,Good,3.6767123287671235
0,2007,Good,5.4986301369863018
0,995,Good,2.7260273972602738
0,17,Good,0.046575342465753428
0,1863,Good,5.1041095890410961
0,2161,Good,5.9205479452054792
0,877,Good,2.4027397260273973
0,1483,Good,4.0630136986301366
1,707,Good,1.9369863013698629
1,533,Good,1.4602739726027398
0,1499,Good,4.1068493150684935
0,916,Good,2.5095890410958903
1,1246,Good,3.4136986301369863
1,1219,Good,3.3397260273972602
1,548,Good,1.5013698630136987
0,1502,Good,4.1150684931506847
0,1807,Good,4.9506849315068493
1,1218,Good,3.3369863013698629
1,542,Good,1.484931506849315
0,870,Good,2.3835616438356166
1,426,Good,1.167123287671233
0,1089,Good,2.9835616438356163
0,1243,Good,3.4054794520547946
0,1125,Good,3.0821917808219177
0,2175,Good,5.9589041095890414
0,2320,Good,6.3561643835616435
0,1233,Good,3.3780821917808219
0,1624,Good,4.4493150684931511
0,972,Good,2.6630136986301371
0,566,Good,1.5506849315068494
0,2030,Good,5.5616438356164384
0,148,Good,0.40547945205479452
0,1401,Medium,3.8383561643835615
1,675,Medium,1.8493150684931507
0,940,Medium,2.5753424657534247
0,637,Medium,1.7452054794520548
0,1527,Medium,4.183561643835616
0,1088,Medium,2.9808219178082194
0,1685,Medium,4.6164383561643838
0,737,Medium,2.0191780821917806
0,1834,Medium,5.0246575342465754
0,1756,Medium,4.8109589041095893
1,438,Medium,1.2
0,825,Medium,2.2602739726027399
1,1528,Medium,4.1863013698630134
0,2388,Medium,6.5424657534246577
0,1208,Medium,3.3095890410958906
0,1717,Medium,4.7041095890410958
1,481,Medium,1.3178082191780822
1,1525,Medium,4.1780821917808222
0,1866,Medium,5.1123287671232873
1,1481,Medium,4.0575342465753428
0,1956,Medium,5.3589041095890408
1,1990,Medium,5.4520547945205475
1,1814,Medium,4.9698630136986299
1,687,Medium,1.8821917808219177
1,554,Medium,1.5178082191780822
1,544,Medium,1.4904109589041097
0,2177,Medium,5.9643835616438352
1,545,Medium,1.4931506849315068
0,1959,Medium,5.3671232876712329
0,853,Medium,2.3369863013698629
1,552,Medium,1.5123287671232877
0,1821,Medium,4.9890410958904106
1,795,Medium,2.1780821917808217
0,2563,Medium,7.021917808219178
1,855,Medium,2.3424657534246576
0,766,Medium,2.0986301369863014
0,2057,Medium,5.6356164383561644
0,1598,Medium,4.3780821917808215
0,1323,Medium,3.6246575342465754
0,974,Medium,2.6684931506849314
1,177,Medium,0.48493150684931507
0,1842,Medium,5.0465753424657533
1,191,Medium,0.52328767123287667
1,1684,Medium,4.6136986301369864
1,329,Medium,0.90136986301369859
1,1059,Medium,2.9013698630136986
1,1918,Medium,5.2547945205479456
1,714,Medium,1.9561643835616438
1,838,Medium,2.2958904109589042
0,1897,Medium,5.1972602739726028
0,1693,Medium,4.6383561643835618
1,1280,Medium,3.506849315068493
1,285,Medium,0.78082191780821919
1,1253,Medium,3.4328767123287673
1,1157,Medium,3.1698630136986301
0,918,Medium,2.515068493150685
0,2126,Medium,5.8246575342465752
1,552,Medium,1.5123287671232877
0,1729,Medium,4.7369863013698632
0,2011,Medium,5.5095890410958903
1,964,Medium,2.6410958904109587
0,1847,Medium,5.0602739726027401
1,918,Medium,2.515068493150685
0,1483,Medium,4.0630136986301366
0,71,Medium,0.19452054794520549
1,876,Medium,2.3999999999999999
1,889,Medium,2.4356164383561643
1,1807,Medium,4.9506849315068493
1,2372,Medium,6.4986301369863018
0,1077,Medium,2.9506849315068493
0,2153,Medium,5.8986301369863012
1,374,Medium,1.0246575342465754
0,1434,Medium,3.9287671232876713
0,2353,Medium,6.4465753424657537
0,1205,Medium,3.3013698630136985
0,1826,Medium,5.0027397260273974
0,1707,Medium,4.6767123287671231
1,564,Medium,1.5452054794520549
0,1841,Medium,5.043835616438356
0,1642,Medium,4.4986301369863018
0,792,Medium,2.1698630136986301
0,1222,Medium,3.3479452054794518
0,1868,Medium,5.117808219178082
1,308,Medium,0.84383561643835614
0,2144,Medium,5.8739726027397259
0,1505,Medium,4.1232876712328768
0,2009,Medium,5.5041095890410956
1,369,Medium,1.010958904109589
0,1861,Medium,5.0986301369863014
0,1833,Medium,5.021917808219178
1,1193,Medium,3.2684931506849315
1,1120,Medium,3.0684931506849313
0,933,Medium,2.5561643835616437
0,1351,Medium,3.7013698630136984
1,670,Medium,1.8356164383561644
0,424,Medium,1.1616438356164382
0,1965,Medium,5.3835616438356162
0,1283,Medium,3.515068493150685
0,1789,Medium,4.9013698630136986
0,1693,Medium,4.6383561643835618
1,385,Medium,1.0547945205479452
0,2388,Medium,6.5424657534246577
1,857,Medium,2.3479452054794518
0,429,Medium,1.1753424657534246
1,353,Medium,0.9671232876712329
0,17,Medium,0.046575342465753428
0,1714,Medium,4.6958904109589037
1,394,Medium,1.0794520547945206
1,502,Medium,1.3753424657534246
0,276,Medium,0.75616438356164384
1,1093,Medium,2.9945205479452053
1,578,Medium,1.5835616438356164
0,177,Medium,0.48493150684931507
0,1862,Medium,5.1013698630136988
0,567,Medium,1.5534246575342465
1,372,Medium,1.0191780821917809
1,371,Medium,1.0164383561643835
0,1965,Medium,5.3835616438356162
1,1150,Medium,3.1506849315068495
0,723,Medium,1.9808219178082191
0,2051,Medium,5.6191780821917812
1,548,Medium,1.5013698630136987
0,1182,Medium,3.2383561643835614
1,350,Medium,0.95890410958904104
0,63,Medium,0.17260273972602741
0,1655,Medium,4.5342465753424657
1,491,Medium,1.3452054794520547
1,1192,Medium,3.2657534246575342
0,740,Medium,2.0273972602739727
1,420,Medium,1.1506849315068493
0,1720,Medium,4.7123287671232879
1,1460,Medium,4
1,476,Medium,1.3041095890410959
1,2015,Medium,5.5205479452054798
1,866,Medium,2.3726027397260272
0,2027,Medium,5.5534246575342463
1,473,Medium,1.295890410958904
0,2234,Medium,6.1205479452054794
0,1113,Medium,3.0493150684931507
0,2612,Medium,7.1561643835616442
1,2030,Medium,5.5616438356164384
1,1763,Medium,4.8301369863013699
0,717,Medium,1.9643835616438357
0,1472,Medium,4.0328767123287674
1,956,Medium,2.6191780821917807
1,2034,Medium,5.5726027397260278
0,936,Medium,2.5643835616438357
0,2239,Medium,6.1342465753424653
0,1013,Medium,2.7753424657534245
1,554,Medium,1.5178082191780822
0,2380,Medium,6.5205479452054798
0,1434,Medium,3.9287671232876713
1,223,Medium,0.61095890410958908
0,1195,Medium,3.2739726027397262
0,2138,Medium,5.8575342465753426
0,758,Medium,2.0767123287671234
1,540,Medium,1.4794520547945205
0,1582,Medium,4.3342465753424655
0,854,Medium,2.3397260273972602
1,646,Medium,1.7698630136986302
1,1463,Medium,4.0082191780821921
1,1601,Medium,4.3863013698630136
0,1343,Medium,3.6794520547945204
1,449,Medium,1.2301369863013698
1,1094,Medium,2.9972602739726026
1,456,Medium,1.2493150684931507
1,498,Medium,1.3643835616438356
0,1078,Medium,2.9534246575342467
1,594,Medium,1.6273972602739726
0,770,Medium,2.1095890410958904
0,1852,Medium,5.0739726027397261
0,1192,Medium,3.2657534246575342
1,586,Medium,1.6054794520547946
0,733,Medium,2.0082191780821916
0,2233,Medium,6.117808219178082
1,1387,Medium,3.7999999999999998
1,1337,Medium,3.6630136986301371
1,495,Medium,1.3561643835616439
0,1604,Medium,4.3945205479452056
0,1637,Medium,4.484931506849315
1,772,Medium,2.1150684931506851
0,1820,Medium,4.9863013698630141
0,942,Medium,2.580821917808219
0,1469,Medium,4.0246575342465754
1,2018,Medium,5.5287671232876709
0,1979,Medium,5.4219178082191783
1,1975,Medium,5.4109589041095889
0,1838,Medium,5.0356164383561648
0,1277,Medium,3.4986301369863013
0,1557,Medium,4.2657534246575342
0,2052,Medium,5.6219178082191785
1,529,Medium,1.4493150684931506
0,1730,Medium,4.7397260273972606
1,1164,Medium,3.1890410958904107
1,1502,Medium,4.1150684931506847
1,503,Medium,1.3780821917808219
0,1356,Medium,3.7150684931506848
1,1306,Medium,3.5780821917808221
0,2227,Medium,6.1013698630136988
0,623,Medium,1.7068493150684931
1,727,Medium,1.9917808219178081
1,1296,Medium,3.5506849315068494
0,1904,Medium,5.2164383561643834
0,1230,Medium,3.3698630136986303
0,1701,Medium,4.6602739726027398
0,168,Medium,0.46027397260273972
0,2128,Medium,5.8301369863013699
1,308,Medium,0.84383561643835614
0,918,Medium,2.515068493150685
1,359,Medium,0.98356164383561639
1,893,Medium,2.4465753424657533
1,1036,Medium,2.8383561643835615
0,2205,Medium,6.0410958904109586
0,1231,Medium,3.3726027397260272
1,518,Medium,1.4191780821917808
0,663,Medium,1.8164383561643835
1,338,Medium,0.92602739726027394
1,891,Medium,2.441095890410959
1,1280,Medium,3.506849315068493
0,1846,Medium,5.0575342465753428
1,169,Medium,0.46301369863013697
1,285,Medium,0.78082191780821919
0,867,Medium,2.3753424657534246
0,1095,Medium,3
1,1140,Medium,3.1232876712328768
0,1878,Medium,5.1452054794520548
0,888,Medium,2.4328767123287673
1,370,Medium,1.0136986301369864
1,550,Medium,1.5068493150684932
0,1443,Poor,3.9534246575342467
0,1472,Poor,4.0328767123287674
0,1735,Poor,4.7534246575342465
0,310,Poor,0.84931506849315064
0,1838,Poor,5.0356164383561648
0,721,Poor,1.9753424657534246
0,1152,Poor,3.1561643835616437
1,563,Poor,1.5424657534246575
1,769,Poor,2.106849315068493
0,1331,Poor,3.6465753424657534
0,2467,Poor,6.7589041095890412
1,1108,Poor,3.0356164383561643
0,463,Poor,1.2684931506849315
1,288,Poor,0.78904109589041094
0,1729,Poor,4.7369863013698632
0,1232,Poor,3.3753424657534246
0,1185,Poor,3.2465753424657535
1,1493,Poor,4.0904109589041093
1,1814,Poor,4.9698630136986299
1,836,Poor,2.2904109589041095
0,1250,Poor,3.4246575342465753
0,1459,Poor,3.9972602739726026
1,867,Poor,2.3753424657534246
1,594,Poor,1.6273972602739726
0,1089,Poor,2.9835616438356163
1,573,Poor,1.5698630136986302
1,535,Poor,1.4657534246575343
0,1653,Poor,4.5287671232876709
1,2286,Poor,6.2630136986301368
1,805,Poor,2.2054794520547945
1,486,Poor,1.3315068493150686
1,956,Poor,2.6191780821917807
0,526,Poor,1.441095890410959
1,1183,Poor,3.2410958904109588
1,504,Poor,1.3808219178082193
1,712,Poor,1.9506849315068493
0,798,Poor,2.1863013698630138
1,1589,Poor,4.353424657534247
0,1603,Poor,4.3917808219178083
0,1570,Poor,4.3013698630136989
0,2059,Poor,5.6410958904109592
0,596,Poor,1.6328767123287671
1,272,Poor,0.74520547945205484
0,615,Poor,1.6849315068493151
1,275,Poor,0.75342465753424659
0,67,Poor,0.18356164383561643
0,857,Poor,2.3479452054794518
1,1162,Poor,3.1835616438356165
0,1666,Poor,4.5643835616438357
1,731,Poor,2.0027397260273974
1,530,Poor,1.452054794520548
1,600,Poor,1.6438356164383561
1,632,Poor,1.7315068493150685
0,1855,Poor,5.0821917808219181
1,181,Poor,0.49589041095890413
1,446,Poor,1.2219178082191782
1,1806,Poor,4.9479452054794519
1,241,Poor,0.66027397260273968
0,1240,Poor,3.3972602739726026
1,177,Poor,0.48493150684931507
1,113,Poor,0.30958904109589042
0,1771,Poor,4.8520547945205479
0,657,Poor,1.8
0,628,Poor,1.7205479452054795
1,547,Poor,1.4986301369863013
1,2456,Poor,6.7287671232876711
1,732,Poor,2.0054794520547947
0,1062,Poor,2.9095890410958902
1,1701,Poor,4.6602739726027398
0,29,Poor,0.079452054794520555
0,1645,Poor,4.506849315068493
0,1357,Poor,3.7178082191780821
1,348,Poor,0.95342465753424654
1,1366,Poor,3.7424657534246575
0,828,Poor,2.2684931506849315
1,722,Poor,1.978082191780822
0,1702,Poor,4.6630136986301371
1,742,Poor,2.032876712328767
0,18,Poor,0.049315068493150684
1,370,Poor,1.0136986301369864
0,1093,Poor,2.9945205479452053
1,344,Poor,0.94246575342465755
0,859,Poor,2.3534246575342466
1,776,Poor,2.1260273972602741
0,841,Poor,2.3041095890410959
1,415,Poor,1.1369863013698631
1,336,Poor,0.92054794520547945
1,797,Poor,2.1835616438356165
1,1043,Poor,2.8575342465753426
1,338,Poor,0.92602739726027394
1,981,Poor,2.6876712328767125
0,1560,Poor,4.2739726027397262
1,281,Poor,0.76986301369863008
0,772,Poor,2.1150684931506851
1,698,Poor,1.9123287671232876
1,175,Poor,0.47945205479452052
0,1675,Poor,4.5890410958904111
1,238,Poor,0.65205479452054793
1,827,Poor,2.2657534246575342
0,1352,Poor,3.7041095890410958
1,629,Poor,1.7232876712328766
0,1502,Poor,4.1150684931506847
1,72,Poor,0.19726027397260273
0,488,Poor,1.3369863013698631
0,1177,Poor,3.2246575342465755
1,375,Poor,1.0273972602739727
1,1587,Poor,4.3479452054794523
1,491,Poor,1.3452054794520547
0,1722,Poor,4.7178082191780826
1,577,Poor,1.5808219178082192
0,650,Poor,1.7808219178082192
0,2024,Poor,5.5452054794520551
0,855,Poor,2.3424657534246576
1,648,Poor,1.7753424657534247
1,173,Poor,0.47397260273972602
0,1791,Poor,4.9068493150684933
1,1388,Poor,3.8027397260273972
1,1225,Poor,3.3561643835616439
0,42,Poor,0.11506849315068493
1,417,Poor,1.1424657534246576
0,779,Poor,2.1342465753424658
1,679,Poor,1.8602739726027397
0,974,Poor,2.6684931506849314
1,305,Poor,0.83561643835616439
0,1100,Poor,3.0136986301369864
1,730,Poor,2
0,1090,Poor,2.9863013698630136
1,491,Poor,1.3452054794520547
1,249,Poor,0.68219178082191778
1,1170,Poor,3.2054794520547945
1,357,Poor,0.9780821917808219
1,1080,Poor,2.9589041095890409
1,500,Poor,1.3698630136986301
0,623,Poor,1.7068493150684931
1,819,Poor,2.2438356164383562
0,1977,Poor,5.4164383561643836
1,622,Poor,1.704109589041096
0,740,Poor,2.0273972602739727
0,1826,Poor,5.0027397260273974
1,410,Poor,1.1232876712328768
1,579,Poor,1.5863013698630137
1,171,Poor,0.46849315068493153
1,293,Poor,0.80273972602739729
1,747,Poor,2.0465753424657533
1,377,Poor,1.0328767123287672
0,1854,Poor,5.0794520547945208
1,624,Poor,1.7095890410958905
1,790,Poor,2.1643835616438358
1,571,Poor,1.5643835616438355
1,358,Poor,0.98082191780821915
1,272,Poor,0.74520547945205484
1,536,Poor,1.4684931506849315
1,316,Poor,0.86575342465753424
0,1095,Poor,3
0,973,Poor,2.6657534246575341
1,307,Poor,0.84109589041095889
1,227,Poor,0.62191780821917808
1,184,Poor,0.50410958904109593
1,251,Poor,0.68767123287671228
1,859,Poor,2.3534246575342466
0,15,Poor,0.041095890410958902
1,436,Poor,1.1945205479452055
0,1167,Poor,3.1972602739726028
1,1977,Poor,5.4164383561643836
1,120,Poor,0.32876712328767121
1,455,Poor,1.2465753424657535
0,751,Poor,2.0575342465753423
1,548,Poor,1.5013698630136987
1,754,Poor,2.0657534246575344
1,392,Poor,1.0739726027397261
0,1751,Poor,4.7972602739726025
0,186,Poor,0.50958904109589043
1,855,Poor,2.3424657534246576
1,525,Poor,1.4383561643835616
0,1981,Poor,5.4273972602739722
1,490,Poor,1.3424657534246576
1,595,Poor,1.6301369863013699
1,1730,Poor,4.7397260273972606
0,1856,Poor,5.0849315068493155
0,2014,Poor,5.5178082191780824
0,65,Poor,0.17808219178082191
0,1441,Poor,3.9479452054794519
1,460,Poor,1.2602739726027397
1,650,Poor,1.7808219178082192
1,98,Poor,0.26849315068493151
1,842,Poor,2.3068493150684932
1,160,Poor,0.43835616438356162
1,338,Poor,0.92602739726027394
0,2048,Poor,5.6109589041095891
1,286,Poor,0.78356164383561644
1,544,Poor,1.4904109589041097
1,1363,Poor,3.7342465753424658
0,16,Poor,0.043835616438356165
1,745,Poor,2.0410958904109591
1,883,Poor,2.419178082191781
0,631,Poor,1.7287671232876711
1,359,Poor,0.98356164383561639
1,861,Poor,2.3589041095890413
1,537,Poor,1.4712328767123288
0,541,Poor,1.4821917808219178
1,859,Poor,2.3534246575342466
1,1449,Poor,3.9698630136986299
1,180,Poor,0.49315068493150682
0,546,Poor,1.4958904109589042
1,465,Poor,1.273972602739726
1,426,Poor,1.167123287671233
1,797,Poor,2.1835616438356165
1,945,Poor,2.5890410958904111
1,403,Poor,1.1041095890410959
1,1207,Poor,3.3068493150684932
0,675,Poor,1.8493150684931507
1,281,Poor,0.76986301369863008
1,233,Poor,0.63835616438356169
1,575,Poor,1.5753424657534247
1,624,Poor,1.7095890410958905
0,768,Poor,2.1041095890410957
1,515,Poor,1.4109589041095891
1,959,Poor,2.6273972602739728
1,360,Poor,0.98630136986301364
1,960,Poor,2.6301369863013697
1,379,Poor,1.0383561643835617
1,242,Poor,0.66301369863013704
1,195,Poor,0.53424657534246578
1,420,Poor,1.1506849315068493
1,448,Poor,1.2273972602739727
1,471,Poor,1.2904109589041095
1,343,Poor,0.9397260273972603
1,247,Poor,0.67671232876712328
