id,from,to,Tstart,Tstop,years,status,trans
1,1,2,0,4.2929500342231348,4.2929500342231348,1,1
1,1,3,0,4.2929500342231348,4.2929500342231348,0,2
1,2,3,4.2929500342231348,9.8726899383983575,5.5797399041752227,1,3
2,1,2,0,2.7624914442162902,2.7624914442162902,1,1
2,1,3,0,2.7624914442162902,2.7624914442162902,0,2
2,2,3,2.7624914442162902,5.3552361396303905,2.5927446954141002,1,3
3,1,2,0,0.10403832991101986,0.10403832991101986,1,1
3,1,3,0,0.10403832991101986,0.10403832991101986,0,2
3,2,3,0.10403832991101986,2.0260095824777551,1.9219712525667352,1,3
4,1,2,0,2.086242299794661,2.086242299794661,1,1
4,1,3,0,2.086242299794661,2.086242299794661,0,2
4,2,3,2.086242299794661,12.120465434633813,10.034223134839152,1,3
5,1,2,0,10.976043805612594,10.976043805612594,0,1
5,1,3,0,10.976043805612594,10.976043805612594,0,2
6,1,2,0,0.75017111567419581,0.75017111567419581,1,1
6,1,3,0,0.75017111567419581,0.75017111567419581,0,2
6,2,3,0.75017111567419581,3.0171115674195756,2.2669404517453797,1,3
7,1,2,0,0.16974674880219029,0.16974674880219029,1,1
7,1,3,0,0.16974674880219029,0.16974674880219029,0,2
7,2,3,0.16974674880219029,0.62970568104038327,0.45995893223819295,1,3
8,1,2,0,8.1615331964407947,8.1615331964407947,0,1
8,1,3,0,8.1615331964407947,8.1615331964407947,1,2
9,1,2,0,2.3846680355920604,2.3846680355920604,1,1
9,1,3,0,2.3846680355920604,2.3846680355920604,0,2
9,2,3,2.3846680355920604,8.5229295003422312,6.1382614647501708,1,3
10,1,2,0,2.406570841889117,2.406570841889117,1,1
10,1,3,0,2.406570841889117,2.406570841889117,0,2
10,2,3,2.406570841889117,7.523613963039014,5.117043121149897,1,3
11,1,2,0,0.16427104722792607,0.16427104722792607,1,1
11,1,3,0,0.16427104722792607,0.16427104722792607,0,2
11,2,3,0.16427104722792607,0.6461327857631759,0.48186173853524983,1,3
12,1,2,0,1.3196440793976729,1.3196440793976729,1,1
12,1,3,0,1.3196440793976729,1.3196440793976729,0,2
12,2,3,1.3196440793976729,10.031485284052019,8.7118412046543465,0,3
13,1,2,0,0.65708418891170428,0.65708418891170428,1,1
13,1,3,0,0.65708418891170428,0.65708418891170428,0,2
13,2,3,0.65708418891170428,7.4332648870636548,6.7761806981519506,1,3
14,1,2,0,0.6652977412731006,0.6652977412731006,1,1
14,1,3,0,0.6652977412731006,0.6652977412731006,0,2
14,2,3,0.6652977412731006,4.1505817932922655,3.485284052019165,1,3
15,1,2,0,11.162217659137577,11.162217659137577,0,1
15,1,3,0,11.162217659137577,11.162217659137577,1,2
16,1,2,0,0.64065708418891165,0.64065708418891165,1,1
16,1,3,0,0.64065708418891165,0.64065708418891165,0,2
16,2,3,0.64065708418891165,0.74469541409993156,0.10403832991101991,0,3
17,1,2,0,8.517453798767967,8.517453798767967,0,1
17,1,3,0,8.517453798767967,8.517453798767967,1,2
18,1,2,0,3.8412046543463383,3.8412046543463383,1,1
18,1,3,0,3.8412046543463383,3.8412046543463383,0,2
18,2,3,3.8412046543463383,9.4948665297741268,5.6536618754277885,1,3
19,1,2,0,2.1464750171115674,2.1464750171115674,1,1
19,1,3,0,2.1464750171115674,2.1464750171115674,0,2
19,2,3,2.1464750171115674,2.5763175906913074,0.42984257357973998,1,3
20,1,2,0,1.0212183436002737,1.0212183436002737,0,1
20,1,3,0,1.0212183436002737,1.0212183436002737,1,2
21,1,2,0,0.75017111567419581,0.75017111567419581,1,1
21,1,3,0,0.75017111567419581,0.75017111567419581,0,2
21,2,3,0.75017111567419581,9.037645448323067,8.2874743326488716,1,3
22,1,2,0,9.1827515400410675,9.1827515400410675,0,1
22,1,3,0,9.1827515400410675,9.1827515400410675,0,2
23,1,2,0,9.1772758384668034,9.1772758384668034,0,1
23,1,3,0,9.1772758384668034,9.1772758384668034,0,2
24,1,2,0,2.346338124572211,2.346338124572211,1,1
24,1,3,0,2.346338124572211,2.346338124572211,0,2
24,2,3,2.346338124572211,9.0266940451745388,6.6803559206023273,0,3
25,1,2,0,9.0239561943874058,9.0239561943874058,0,1
25,1,3,0,9.0239561943874058,9.0239561943874058,0,2
26,1,2,0,8.8678986995208753,8.8678986995208753,0,1
26,1,3,0,8.8678986995208753,8.8678986995208753,0,2
27,1,2,0,0.40246406570841892,0.40246406570841892,1,1
27,1,3,0,0.40246406570841892,0.40246406570841892,0,2
27,2,3,0.40246406570841892,0.56673511293634493,0.16427104722792601,0,3
28,1,2,0,8.605065023956195,8.605065023956195,0,1
28,1,3,0,8.605065023956195,8.605065023956195,0,2
29,1,2,0,0.32580424366872007,0.32580424366872007,1,1
29,1,3,0,0.32580424366872007,0.32580424366872007,0,2
29,2,3,0.32580424366872007,1.4401095140314852,1.1143052703627652,1,3
30,1,2,0,3.4524298425735798,3.4524298425735798,1,1
30,1,3,0,3.4524298425735798,3.4524298425735798,0,2
30,2,3,3.4524298425735798,5.4127310061601639,1.9603011635865841,1,3
31,1,2,0,8.5201916495551,8.5201916495551,0,1
31,1,3,0,8.5201916495551,8.5201916495551,0,2
32,1,2,0,4.8980150581793289,4.8980150581793289,1,1
32,1,3,0,4.8980150581793289,4.8980150581793289,0,2
32,2,3,4.8980150581793289,8.5092402464065717,3.6112251882272428,0,3
33,1,2,0,0.065708418891170434,0.065708418891170434,1,1
33,1,3,0,0.065708418891170434,0.065708418891170434,0,2
33,2,3,0.065708418891170434,4.4654346338124569,4.3997262149212863,1,3
34,1,2,0,2.7159479808350446,2.7159479808350446,1,1
34,1,3,0,2.7159479808350446,2.7159479808350446,0,2
34,2,3,2.7159479808350446,3.2607802874743328,0.54483230663928817,1,3
35,1,2,0,1.0869267624914443,1.0869267624914443,0,1
35,1,3,0,1.0869267624914443,1.0869267624914443,1,2
36,1,2,0,2.2450376454483232,2.2450376454483232,1,1
36,1,3,0,2.2450376454483232,2.2450376454483232,0,2
36,2,3,2.2450376454483232,7.5947980835044486,5.3497604380561254,1,3
37,1,2,0,1.9822039698836413,1.9822039698836413,1,1
37,1,3,0,1.9822039698836413,1.9822039698836413,0,2
37,2,3,1.9822039698836413,3.9069130732375084,1.924709103353867,1,3
38,1,2,0,7.9397672826830936,7.9397672826830936,0,1
38,1,3,0,7.9397672826830936,7.9397672826830936,0,2
39,1,2,0,2.4722792607802875,2.4722792607802875,1,1
39,1,3,0,2.4722792607802875,2.4722792607802875,0,2
39,2,3,2.4722792607802875,3.0335386721423681,0.56125941136208057,1,3
40,1,2,0,1.2566735112936345,1.2566735112936345,1,1
40,1,3,0,1.2566735112936345,1.2566735112936345,0,2
40,2,3,1.2566735112936345,8.4599589322381927,7.2032854209445585,1,3
41,1,2,0,2.2532511978097194,2.2532511978097194,1,1
41,1,3,0,2.2532511978097194,2.2532511978097194,0,2
41,2,3,2.2532511978097194,7.7508555783709792,5.4976043805612598,0,3
42,1,2,0,0.61054072553045857,0.61054072553045857,0,1
42,1,3,0,0.61054072553045857,0.61054072553045857,1,2
43,1,2,0,0.75838466803559201,0.75838466803559201,1,1
43,1,3,0,0.75838466803559201,0.75838466803559201,0,2
43,2,3,0.75838466803559201,4.1149897330595486,3.3566050650239565,1,3
44,1,2,0,1.7659137577002053,1.7659137577002053,1,1
44,1,3,0,1.7659137577002053,1.7659137577002053,0,2
44,2,3,1.7659137577002053,4.131416837782341,2.3655030800821359,1,3
45,1,2,0,5.4483230663928817,5.4483230663928817,1,1
45,1,3,0,5.4483230663928817,5.4483230663928817,0,2
45,2,3,5.4483230663928817,6.4476386036960989,0.99931553730321721,1,3
46,1,2,0,3.890485968514716,3.890485968514716,1,1
46,1,3,0,3.890485968514716,3.890485968514716,0,2
46,2,3,3.890485968514716,5.2210814510609174,1.3305954825462014,1,3
47,1,2,0,0.94729637234770703,0.94729637234770703,0,1
47,1,3,0,0.94729637234770703,0.94729637234770703,1,2
48,1,2,0,3.7316906228610542,3.7316906228610542,1,1
48,1,3,0,3.7316906228610542,3.7316906228610542,0,2
48,2,3,3.7316906228610542,4.9390828199863108,1.2073921971252566,1,3
49,1,2,0,0.69267624914442161,0.69267624914442161,1,1
49,1,3,0,0.69267624914442161,0.69267624914442161,0,2
49,2,3,0.69267624914442161,7.2772073921971252,6.584531143052704,0,3
50,1,2,0,4.2518822724161529,4.2518822724161529,1,1
50,1,3,0,4.2518822724161529,4.2518822724161529,0,2
50,2,3,4.2518822724161529,4.5311430527036274,0.27926078028747447,1,3
51,1,2,0,7.2114989733059547,7.2114989733059547,0,1
51,1,3,0,7.2114989733059547,7.2114989733059547,0,2
52,1,2,0,0.1998631074606434,0.1998631074606434,1,1
52,1,3,0,0.1998631074606434,0.1998631074606434,0,2
52,2,3,0.1998631074606434,1.2566735112936345,1.0568104038329911,1,3
53,1,2,0,0.31211498973305957,0.31211498973305957,1,1
53,1,3,0,0.31211498973305957,0.31211498973305957,0,2
53,2,3,0.31211498973305957,0.55030800821355241,0.23819301848049285,1,3
54,1,2,0,1.270362765229295,1.270362765229295,1,1
54,1,3,0,1.270362765229295,1.270362765229295,0,2
54,2,3,1.270362765229295,1.6810403832991101,0.41067761806981506,1,3
55,1,2,0,3.0116358658453115,3.0116358658453115,1,1
55,1,3,0,3.0116358658453115,3.0116358658453115,0,2
55,2,3,3.0116358658453115,5.4264202600958251,2.4147843942505136,0,3
56,1,2,0,6.7296372347707054,6.7296372347707054,0,1
56,1,3,0,6.7296372347707054,6.7296372347707054,0,2
57,1,2,0,5.0403832991101982,5.0403832991101982,1,1
57,1,3,0,5.0403832991101982,5.0403832991101982,0,2
57,2,3,5.0403832991101982,6.6721423682409311,1.6317590691307329,0,3
58,1,2,0,3.2032854209445585,3.2032854209445585,1,1
58,1,3,0,3.2032854209445585,3.2032854209445585,0,2
58,2,3,3.2032854209445585,3.7809719370294319,0.57768651608487342,1,3
59,1,2,0,1.6043805612594113,1.6043805612594113,1,1
59,1,3,0,1.6043805612594113,1.6043805612594113,0,2
59,2,3,1.6043805612594113,7.0882956878850099,5.4839151266255985,1,3
60,1,2,0,6.4366872005475706,6.4366872005475706,0,1
60,1,3,0,6.4366872005475706,6.4366872005475706,0,2
61,1,2,0,1.6700889801505818,1.6700889801505818,0,1
61,1,3,0,1.6700889801505818,1.6700889801505818,1,2
62,1,2,0,0.43805612594113619,0.43805612594113619,1,1
62,1,3,0,0.43805612594113619,0.43805612594113619,0,2
62,2,3,0.43805612594113619,1.8672142368240932,1.429158110882957,1,3
63,1,2,0,4.9993155373032172,4.9993155373032172,1,1
63,1,3,0,4.9993155373032172,4.9993155373032172,0,2
63,2,3,4.9993155373032172,6.0999315537303218,1.1006160164271046,1,3
64,1,2,0,2.8692676249144422,2.8692676249144422,1,1
64,1,3,0,2.8692676249144422,2.8692676249144422,0,2
64,2,3,2.8692676249144422,6.2176591375770016,3.3483915126625594,0,3
65,1,2,0,2.5790554414784395,2.5790554414784395,0,1
65,1,3,0,2.5790554414784395,2.5790554414784395,1,2
66,1,2,0,0.49281314168377821,0.49281314168377821,0,1
66,1,3,0,0.49281314168377821,0.49281314168377821,1,2
67,1,2,0,0.63518138261464752,0.63518138261464752,1,1
67,1,3,0,0.63518138261464752,0.63518138261464752,0,2
67,2,3,0.63518138261464752,1.7768651608487338,1.1416837782340863,1,3
68,1,2,0,2.7241615331964408,2.7241615331964408,1,1
68,1,3,0,2.7241615331964408,2.7241615331964408,0,2
68,2,3,2.7241615331964408,3.6824093086926761,0.9582477754962353,1,3
69,1,2,0,0.83230663928815884,0.83230663928815884,1,1
69,1,3,0,0.83230663928815884,0.83230663928815884,0,2
69,2,3,0.83230663928815884,6.4777549623545516,5.6454483230663932,1,3
70,1,2,0,2.5462012320328542,2.5462012320328542,1,1
70,1,3,0,2.5462012320328542,2.5462012320328542,0,2
70,2,3,2.5462012320328542,3.9589322381930185,1.4127310061601643,0,3
71,1,2,0,0.83230663928815884,0.83230663928815884,1,1
71,1,3,0,0.83230663928815884,0.83230663928815884,0,2
71,2,3,0.83230663928815884,5.9849418206707732,5.1526351813826139,0,3
72,1,2,0,5.8945927446954141,5.8945927446954141,0,1
72,1,3,0,5.8945927446954141,5.8945927446954141,0,2
73,1,2,0,0.12867898699520877,0.12867898699520877,1,1
73,1,3,0,0.12867898699520877,0.12867898699520877,0,2
73,2,3,0.12867898699520877,0.70088980150581792,0.57221081451060918,1,3
74,1,2,0,3.8138261464750172,3.8138261464750172,0,1
74,1,3,0,3.8138261464750172,3.8138261464750172,0,2
75,1,2,0,5.722108145106092,5.722108145106092,0,1
75,1,3,0,5.722108145106092,5.722108145106092,0,2
76,1,2,0,1.054072553045859,1.054072553045859,1,1
76,1,3,0,1.054072553045859,1.054072553045859,0,2
76,2,3,1.054072553045859,5.5715263518138265,4.517453798767967,0,3
77,1,2,0,2.0999315537303218,2.0999315537303218,1,1
77,1,3,0,2.0999315537303218,2.0999315537303218,0,2
77,2,3,2.0999315537303218,2.9377138945927448,0.83778234086242298,1,3
78,1,2,0,5.4784394250513344,5.4784394250513344,0,1
78,1,3,0,5.4784394250513344,5.4784394250513344,0,2
79,1,2,0,2.7761806981519506,2.7761806981519506,1,1
79,1,3,0,2.7761806981519506,2.7761806981519506,0,2
79,2,3,2.7761806981519506,6.1546885694729641,3.3785078713210135,1,3
80,1,2,0,2.6009582477754964,2.6009582477754964,1,1
80,1,3,0,2.6009582477754964,2.6009582477754964,0,2
80,2,3,2.6009582477754964,5.6646132785763177,3.0636550308008212,1,3
81,1,2,0,5.245722108145106,5.245722108145106,0,1
81,1,3,0,5.245722108145106,5.245722108145106,0,2
82,1,2,0,1.623545516769336,1.623545516769336,1,1
82,1,3,0,1.623545516769336,1.623545516769336,0,2
82,2,3,1.623545516769336,5.2210814510609174,3.5975359342915816,0,3
83,1,2,0,6.3600273785078709,6.3600273785078709,0,1
83,1,3,0,6.3600273785078709,6.3600273785078709,1,2
84,1,2,0,5.1471594798083506,5.1471594798083506,0,1
84,1,3,0,5.1471594798083506,5.1471594798083506,0,2
85,1,2,0,5.0978781656399725,5.0978781656399725,0,1
85,1,3,0,5.0978781656399725,5.0978781656399725,0,2
86,1,2,0,1.0924024640657084,1.0924024640657084,1,1
86,1,3,0,1.0924024640657084,1.0924024640657084,0,2
86,2,3,1.0924024640657084,2.5106091718001369,1.4182067077344285,1,3
87,1,2,0,0.81587953456536622,0.81587953456536622,1,1
87,1,3,0,0.81587953456536622,0.81587953456536622,0,2
87,2,3,0.81587953456536622,4.3750855578370977,3.5592060232717317,1,3
88,1,2,0,2.1574264202600957,2.1574264202600957,1,1
88,1,3,0,2.1574264202600957,2.1574264202600957,0,2
88,2,3,2.1574264202600957,4.9856262833675569,2.8281998631074612,0,3
89,1,2,0,4.9363449691991788,4.9363449691991788,0,1
89,1,3,0,4.9363449691991788,4.9363449691991788,0,2
90,1,2,0,3.1512662559890487,3.1512662559890487,1,1
90,1,3,0,3.1512662559890487,3.1512662559890487,0,2
90,2,3,3.1512662559890487,4.5639972621492131,1.4127310061601643,1,3
91,1,2,0,4.8925393566050648,4.8925393566050648,0,1
91,1,3,0,4.8925393566050648,4.8925393566050648,0,2
92,1,2,0,2.5571526351813825,2.5571526351813825,1,1
92,1,3,0,2.5571526351813825,2.5571526351813825,0,2
92,2,3,2.5571526351813825,4.8706365503080082,2.3134839151266258,0,3
93,1,2,0,4.8459958932238196,4.8459958932238196,0,1
93,1,3,0,4.8459958932238196,4.8459958932238196,0,2
94,1,2,0,0.36687200547570159,0.36687200547570159,1,1
94,1,3,0,0.36687200547570159,0.36687200547570159,0,2
94,2,3,0.36687200547570159,0.68993839835728954,0.32306639288158795,1,3
95,1,2,0,4.5776865160848734,4.5776865160848734,0,1
95,1,3,0,4.5776865160848734,4.5776865160848734,0,2
96,1,2,0,2.3052703627652291,2.3052703627652291,0,1
96,1,3,0,2.3052703627652291,2.3052703627652291,1,2
97,1,2,0,3.5154004106776182,3.5154004106776182,1,1
97,1,3,0,3.5154004106776182,3.5154004106776182,0,2
97,2,3,3.5154004106776182,4.3531827515400412,0.83778234086242298,0,3
98,1,2,0,4.2710472279260783,4.2710472279260783,0,1
98,1,3,0,4.2710472279260783,4.2710472279260783,0,2
99,1,2,0,1.4893908281998631,1.4893908281998631,1,1
99,1,3,0,1.4893908281998631,1.4893908281998631,0,2
99,2,3,1.4893908281998631,2.7652292950034223,1.2758384668035592,1,3
100,1,2,0,4.2299794661190964,4.2299794661190964,0,1
100,1,3,0,4.2299794661190964,4.2299794661190964,0,2
101,1,2,0,4.216290212183436,4.216290212183436,0,1
101,1,3,0,4.216290212183436,4.216290212183436,0,2
102,1,2,0,1.0075290896646132,1.0075290896646132,1,1
102,1,3,0,1.0075290896646132,1.0075290896646132,0,2
102,2,3,1.0075290896646132,2.2067077344284738,1.1991786447638606,1,3
103,1,2,0,2.1273100616016429,2.1273100616016429,1,1
103,1,3,0,2.1273100616016429,2.1273100616016429,0,2
103,2,3,2.1273100616016429,4.0164271047227924,1.8891170431211495,1,3
104,1,2,0,1.9164955509924708,1.9164955509924708,1,1
104,1,3,0,1.9164955509924708,1.9164955509924708,0,2
104,2,3,1.9164955509924708,5.0047912388774813,3.0882956878850107,1,3
105,1,2,0,2.3983572895277208,2.3983572895277208,1,1
105,1,3,0,2.3983572895277208,2.3983572895277208,0,2
105,2,3,2.3983572895277208,4.0355920602327169,1.6372347707049961,0,3
106,1,2,0,0.08761122518822724,0.08761122518822724,1,1
106,1,3,0,0.08761122518822724,0.08761122518822724,0,2
106,2,3,0.08761122518822724,3.6413415468856947,3.5537303216974676,1,3
107,1,2,0,4.7830253251197812,4.7830253251197812,0,1
107,1,3,0,4.7830253251197812,4.7830253251197812,1,2
108,1,2,0,3.9069130732375084,3.9069130732375084,0,1
108,1,3,0,3.9069130732375084,3.9069130732375084,0,2
109,1,2,0,3.783709787816564,3.783709787816564,0,1
109,1,3,0,3.783709787816564,3.783709787816564,0,2
110,1,2,0,3.6851471594798082,3.6851471594798082,0,1
110,1,3,0,3.6851471594798082,3.6851471594798082,0,2
111,1,2,0,3.4907597535934292,3.4907597535934292,0,1
111,1,3,0,3.4907597535934292,3.4907597535934292,0,2
112,1,2,0,3.4195756331279945,3.4195756331279945,0,1
112,1,3,0,3.4195756331279945,3.4195756331279945,0,2
113,1,2,0,3.2361396303901437,3.2361396303901437,0,1
113,1,3,0,3.2361396303901437,3.2361396303901437,0,2
114,1,2,0,1.7221081451060918,1.7221081451060918,0,1
114,1,3,0,1.7221081451060918,1.7221081451060918,1,2
115,1,2,0,3.2908966461327855,3.2908966461327855,0,1
115,1,3,0,3.2908966461327855,3.2908966461327855,1,2
116,1,2,0,2.8829568788501025,2.8829568788501025,0,1
116,1,3,0,2.8829568788501025,2.8829568788501025,0,2
117,1,2,0,2.754277891854894,2.754277891854894,0,1
117,1,3,0,2.754277891854894,2.754277891854894,0,2
118,1,2,0,2.0917180013689256,2.0917180013689256,1,1
118,1,3,0,2.0917180013689256,2.0917180013689256,0,2
118,2,3,2.0917180013689256,2.751540041067762,0.65982203969883635,0,3
119,1,2,0,2.7351129363449691,2.7351129363449691,0,1
119,1,3,0,2.7351129363449691,2.7351129363449691,0,2
120,1,2,0,0.41067761806981518,0.41067761806981518,1,1
120,1,3,0,0.41067761806981518,0.41067761806981518,0,2
120,2,3,0.41067761806981518,2.9979466119096507,2.5872689938398357,1,3
121,1,2,0,2.5817932922655715,2.5817932922655715,0,1
121,1,3,0,2.5817932922655715,2.5817932922655715,0,2
122,1,2,0,2.5571526351813825,2.5571526351813825,0,1
122,1,3,0,2.5571526351813825,2.5571526351813825,0,2
123,1,2,0,1.6509240246406571,1.6509240246406571,1,1
123,1,3,0,1.6509240246406571,1.6509240246406571,0,2
123,2,3,1.6509240246406571,2.409308692676249,0.7583846680355919,1,3
124,1,2,0,2.4668035592060233,2.4668035592060233,0,1
124,1,3,0,2.4668035592060233,2.4668035592060233,0,2
125,1,2,0,3.7371663244353184,3.7371663244353184,0,1
125,1,3,0,3.7371663244353184,3.7371663244353184,1,2
126,1,2,0,0.61054072553045857,0.61054072553045857,1,1
126,1,3,0,0.61054072553045857,0.61054072553045857,0,2
126,2,3,0.61054072553045857,2.2669404517453797,1.656399726214921,0,3
127,1,2,0,2.020533880903491,2.020533880903491,0,1
127,1,3,0,2.020533880903491,2.020533880903491,0,2
128,1,2,0,0.073921971252566734,0.073921971252566734,1,1
128,1,3,0,0.073921971252566734,0.073921971252566734,0,2
128,2,3,0.073921971252566734,1.8261464750171115,1.7522245037645447,0,3
129,1,2,0,1.7796030116358659,1.7796030116358659,0,1
129,1,3,0,1.7796030116358659,1.7796030116358659,0,2
130,1,2,0,1.6016427104722792,1.6016427104722792,0,1
130,1,3,0,1.6016427104722792,1.6016427104722792,0,2
131,1,2,0,1.5715263518138261,1.5715263518138261,0,1
131,1,3,0,1.5715263518138261,1.5715263518138261,0,2
132,1,2,0,1.4866529774127311,1.4866529774127311,0,1
132,1,3,0,1.4866529774127311,1.4866529774127311,0,2
133,1,2,0,0.16974674880219029,0.16974674880219029,1,1
133,1,3,0,0.16974674880219029,0.16974674880219029,0,2
133,2,3,0.16974674880219029,1.2566735112936345,1.0869267624914443,0,3
134,1,2,0,1.215605749486653,1.215605749486653,0,1
134,1,3,0,1.215605749486653,1.215605749486653,0,2
135,1,2,0,1.2101300479123889,1.2101300479123889,0,1
135,1,3,0,1.2101300479123889,1.2101300479123889,0,2
136,1,2,0,1.1745379876796715,1.1745379876796715,0,1
136,1,3,0,1.1745379876796715,1.1745379876796715,0,2
137,1,2,0,1.1225188227241616,1.1225188227241616,0,1
137,1,3,0,1.1225188227241616,1.1225188227241616,0,2
138,1,2,0,1.0568104038329911,1.0568104038329911,0,1
138,1,3,0,1.0568104038329911,1.0568104038329911,0,2
139,1,2,0,0.36413415468856947,0.36413415468856947,1,1
139,1,3,0,0.36413415468856947,0.36413415468856947,0,2
139,2,3,0.36413415468856947,2.1683778234086244,1.8042436687200549,1,3
140,1,2,0,0.87611225188227237,0.87611225188227237,0,1
140,1,3,0,0.87611225188227237,0.87611225188227237,0,2
141,1,2,0,0.42162902121834361,0.42162902121834361,1,1
141,1,3,0,0.42162902121834361,0.42162902121834361,0,2
141,2,3,0.42162902121834361,0.85968514715947986,0.43805612594113624,0,3
142,1,2,0,0.80492813141683783,0.80492813141683783,0,1
142,1,3,0,0.80492813141683783,0.80492813141683783,0,2
143,1,2,0,0.79123887748117727,0.79123887748117727,0,1
143,1,3,0,0.79123887748117727,0.79123887748117727,0,2
144,1,2,0,0.33675564681724846,0.33675564681724846,1,1
144,1,3,0,0.33675564681724846,0.33675564681724846,0,2
144,2,3,0.33675564681724846,5.0677618069815198,4.731006160164271,0,3
145,1,2,0,0.04380561259411362,0.04380561259411362,1,1
145,1,3,0,0.04380561259411362,0.04380561259411362,0,2
145,2,3,0.04380561259411362,0.27104722792607805,0.22724161533196444,1,3
146,1,2,0,2.9075975359342916,2.9075975359342916,1,1
146,1,3,0,2.9075975359342916,2.9075975359342916,0,2
146,2,3,2.9075975359342916,7.1978097193702943,4.2902121834360027,1,3
147,1,2,0,2.4339493497604381,2.4339493497604381,0,1
147,1,3,0,2.4339493497604381,2.4339493497604381,0,2
148,1,2,0,4.4955509924709105,4.4955509924709105,1,1
148,1,3,0,4.4955509924709105,4.4955509924709105,0,2
148,2,3,4.4955509924709105,5.8562628336755651,1.3607118412046546,1,3
149,1,2,0,0.731006160164271,0.731006160164271,1,1
149,1,3,0,0.731006160164271,0.731006160164271,0,2
149,2,3,0.731006160164271,6.5763175906913069,5.8453114305270359,1,3
150,1,2,0,5.1909650924024637,5.1909650924024637,0,1
150,1,3,0,5.1909650924024637,5.1909650924024637,0,2
151,1,2,0,2.6967830253251197,2.6967830253251197,1,1
151,1,3,0,2.6967830253251197,2.6967830253251197,0,2
151,2,3,2.6967830253251197,5.7303216974674882,3.0335386721423685,1,3
152,1,2,0,4.9117043121149901,4.9117043121149901,0,1
152,1,3,0,4.9117043121149901,4.9117043121149901,0,2
153,1,2,0,6.2340862422997949,6.2340862422997949,0,1
153,1,3,0,6.2340862422997949,6.2340862422997949,1,2
154,1,2,0,0.88706365503080087,0.88706365503080087,0,1
154,1,3,0,0.88706365503080087,0.88706365503080087,1,2
155,1,2,0,0.04380561259411362,0.04380561259411362,1,1
155,1,3,0,0.04380561259411362,0.04380561259411362,0,2
155,2,3,0.04380561259411362,1.4264202600958247,1.3826146475017111,0,3
156,1,2,0,3.9808350444900751,3.9808350444900751,0,1
156,1,3,0,3.9808350444900751,3.9808350444900751,1,2
157,1,2,0,4.2053388090349078,4.2053388090349078,1,1
157,1,3,0,4.2053388090349078,4.2053388090349078,0,2
157,2,3,4.2053388090349078,4.3121149897330593,0.10677618069815153,0,3
158,1,2,0,4.3723477070499657,4.3723477070499657,0,1
158,1,3,0,4.3723477070499657,4.3723477070499657,1,2
159,1,2,0,4.1916495550992474,4.1916495550992474,0,1
159,1,3,0,4.1916495550992474,4.1916495550992474,0,2
160,1,2,0,3.2388774811772758,3.2388774811772758,0,1
160,1,3,0,3.2388774811772758,3.2388774811772758,1,2
161,1,2,0,4.0054757015742641,4.0054757015742641,0,1
161,1,3,0,4.0054757015742641,4.0054757015742641,0,2
162,1,2,0,1.8069815195071868,1.8069815195071868,1,1
162,1,3,0,1.8069815195071868,1.8069815195071868,0,2
162,2,3,1.8069815195071868,3.9671457905544147,2.1601642710472282,0,3
163,1,2,0,3.9589322381930185,3.9589322381930185,0,1
163,1,3,0,3.9589322381930185,3.9589322381930185,0,2
164,1,2,0,1.9876796714579055,1.9876796714579055,1,1
164,1,3,0,1.9876796714579055,1.9876796714579055,0,2
164,2,3,1.9876796714579055,3.7070499657768652,1.7193702943189597,0,3
165,1,2,0,3.0034223134839153,3.0034223134839153,1,1
165,1,3,0,3.0034223134839153,3.0034223134839153,0,2
165,2,3,3.0034223134839153,3.4688569472963722,0.46543463381245687,0,3
166,1,2,0,3.3675564681724848,3.3675564681724848,0,1
166,1,3,0,3.3675564681724848,3.3675564681724848,0,2
167,1,2,0,3.2251882272416155,3.2251882272416155,1,1
167,1,3,0,3.2251882272416155,3.2251882272416155,0,2
167,2,3,3.2251882272416155,3.3292265571526354,0.10403832991101991,0,3
168,1,2,0,0.4654346338124572,0.4654346338124572,1,1
168,1,3,0,0.4654346338124572,0.4654346338124572,0,2
168,2,3,0.4654346338124572,0.79397672826830934,0.32854209445585214,1,3
169,1,2,0,3.2826830937713893,3.2826830937713893,0,1
169,1,3,0,3.2826830937713893,3.2826830937713893,0,2
170,1,2,0,1.1800136892539357,1.1800136892539357,1,1
170,1,3,0,1.1800136892539357,1.1800136892539357,0,2
170,2,3,1.1800136892539357,3.2826830937713893,2.1026694045174539,0,3
171,1,2,0,3.1759069130732374,3.1759069130732374,0,1
171,1,3,0,3.1759069130732374,3.1759069130732374,0,2
172,1,2,0,0.40793976728268311,0.40793976728268311,1,1
172,1,3,0,0.40793976728268311,0.40793976728268311,0,2
172,2,3,0.40793976728268311,3.137577002053388,2.729637234770705,0,3
173,1,2,0,3.0910335386721424,3.0910335386721424,0,1
173,1,3,0,3.0910335386721424,3.0910335386721424,0,2
174,1,2,0,1.4757015742642026,1.4757015742642026,1,1
174,1,3,0,1.4757015742642026,1.4757015742642026,0,2
174,2,3,1.4757015742642026,4.2409308692676246,2.7652292950034223,1,3
175,1,2,0,0.024640657084188913,0.024640657084188913,1,1
175,1,3,0,0.024640657084188913,0.024640657084188913,0,2
175,2,3,0.024640657084188913,2.2861054072553046,2.2614647501711156,1,3
176,1,2,0,1.1690622861054072,1.1690622861054072,1,1
176,1,3,0,1.1690622861054072,1.1690622861054072,0,2
176,2,3,1.1690622861054072,2.6721423682409307,1.5030800821355235,0,3
177,1,2,0,0.88158795345653662,0.88158795345653662,1,1
177,1,3,0,0.88158795345653662,0.88158795345653662,0,2
177,2,3,0.88158795345653662,3.5126625598904861,2.6310746064339496,1,3
178,1,2,0,1.1882272416153319,1.1882272416153319,1,1
178,1,3,0,1.1882272416153319,1.1882272416153319,0,2
178,2,3,1.1882272416153319,2.861054072553046,1.6728268309377141,1,3
179,1,2,0,3.2142368240930868,3.2142368240930868,0,1
179,1,3,0,3.2142368240930868,3.2142368240930868,1,2
180,1,2,0,3.1348391512662559,3.1348391512662559,0,1
180,1,3,0,3.1348391512662559,3.1348391512662559,1,2
181,1,2,0,2.4859685147159478,2.4859685147159478,0,1
181,1,3,0,2.4859685147159478,2.4859685147159478,0,2
182,1,2,0,0.97741273100616022,0.97741273100616022,1,1
182,1,3,0,0.97741273100616022,0.97741273100616022,0,2
182,2,3,0.97741273100616022,1.7029431895961671,0.72553045859000687,1,3
183,1,2,0,1.7056810403832992,1.7056810403832992,0,1
183,1,3,0,1.7056810403832992,1.7056810403832992,1,2
184,1,2,0,0.20260095824777549,0.20260095824777549,0,1
184,1,3,0,0.20260095824777549,0.20260095824777549,1,2
185,1,2,0,2.2806297056810405,2.2806297056810405,0,1
185,1,3,0,2.2806297056810405,2.2806297056810405,0,2
186,1,2,0,2.020533880903491,2.020533880903491,0,1
186,1,3,0,2.020533880903491,2.020533880903491,0,2
187,1,2,0,2.2286105407255303,2.2286105407255303,0,1
187,1,3,0,2.2286105407255303,2.2286105407255303,1,2
188,1,2,0,1.6125941136208077,1.6125941136208077,0,1
188,1,3,0,1.6125941136208077,1.6125941136208077,0,2
189,1,2,0,0.28199863107460643,0.28199863107460643,1,1
189,1,3,0,0.28199863107460643,0.28199863107460643,0,2
189,2,3,0.28199863107460643,1.3689253935660506,1.0869267624914443,0,3
190,1,2,0,0.027378507871321012,0.027378507871321012,1,1
190,1,3,0,0.027378507871321012,0.027378507871321012,0,2
190,2,3,0.027378507871321012,0.7227926078028748,0.69541409993155379,1,3
191,1,2,0,0.17522245037645448,0.17522245037645448,1,1
191,1,3,0,0.17522245037645448,0.17522245037645448,0,2
191,2,3,0.17522245037645448,1.7823408624229979,1.6071184120465434,1,3
192,1,2,0,2.0561259411362083,2.0561259411362083,0,1
192,1,3,0,2.0561259411362083,2.0561259411362083,1,2
193,1,2,0,0.96646132785763172,0.96646132785763172,0,1
193,1,3,0,0.96646132785763172,0.96646132785763172,0,2
194,1,2,0,0.892539356605065,0.892539356605065,0,1
194,1,3,0,0.892539356605065,0.892539356605065,0,2
195,1,2,0,1.0321697467488022,1.0321697467488022,0,1
195,1,3,0,1.0321697467488022,1.0321697467488022,1,2
196,1,2,0,2.5544147843942504,2.5544147843942504,1,1
196,1,3,0,2.5544147843942504,2.5544147843942504,0,2
196,2,3,2.5544147843942504,4.944558521560575,2.3901437371663246,0,3
197,1,2,0,1.9438740588637919,1.9438740588637919,1,1
197,1,3,0,1.9438740588637919,1.9438740588637919,0,2
197,2,3,1.9438740588637919,4.4380561259411362,2.494182067077344,1,3
198,1,2,0,1.3415468856947297,1.3415468856947297,0,1
198,1,3,0,1.3415468856947297,1.3415468856947297,1,2
199,1,2,0,2.5242984257357972,2.5242984257357972,0,1
199,1,3,0,2.5242984257357972,2.5242984257357972,0,2
200,1,2,0,2.3819301848049284,2.3819301848049284,0,1
200,1,3,0,2.3819301848049284,2.3819301848049284,0,2
201,1,2,0,1.431895961670089,1.431895961670089,0,1
201,1,3,0,1.431895961670089,1.431895961670089,0,2
202,1,2,0,1.2648870636550309,1.2648870636550309,0,1
202,1,3,0,1.2648870636550309,1.2648870636550309,0,2
203,1,2,0,1.1772758384668036,1.1772758384668036,0,1
203,1,3,0,1.1772758384668036,1.1772758384668036,0,2
204,1,2,0,0.89527720739219707,0.89527720739219707,0,1
204,1,3,0,0.89527720739219707,0.89527720739219707,0,2
