4,1,1,0.26845295157794796,0,0.59755491651594639
17.000000000099998,0,1,-0.44797250728917021,0,-1.9587592352181673
15,1,1,1.4490283753002411,0,4.4301080610603094
9.0000000001,0,1,-0.1291057770393873,0,-1.4667276181280613
17,0,2,-0.79667876778328928,0,1.7421363666653633
18.000000000099998,1,2,1.2352414696567442,0,-0.14195810817182064
7,1,2,0.30659574230228021,1,4.9177371375262737
11.0000000001,1,2,-1.0401820024411623,0,2.8788613304495811
4,1,3,-1.0287627984545478,0,4.6479936465620995
16.000000000099998,0,3,0.23209829469845447,0,-1.1487896349281073
2,1,3,-1.2496880716709822,0,2.3929926063865423
16.000000000099998,1,3,-0.45583411341952784,1,3.9763152226805687
17,0,4,0.045866779660697896,0,3.1640304513275623
9.0000000001,1,4,-0.43079784929216547,1,-1.6624981816858053
3,0,4,-0.18485874258874369,1,1.4571342952549458
9.0000000001,0,4,-1.4529743268742059,0,-0.45905083045363426
17,0,5,0.0044472054146982333,1,1.7760324329137802
1.0000000001,0,5,1.4442804773252429,1,4.9279039353132248
17,0,5,-0.25155244419906186,0,0.83821568451821804
1.0000000001,0,5,-0.16237439802381662,0,0.66463223099708557
7,1,6,-0.15996343063545199,1,-1.6521822325885296
11.0000000001,1,6,0.52543882171935841,0,-0.16816899366676807
3,1,6,-1.1264469829202144,1,1.4900191687047482
1.0000000001,0,6,-1.3595714583052108,1,1.7462020497769117
2,0,7,0.74519566338567933,0,2.7212311066687107
13.0000000001,0,7,-0.32948400367855379,0,-0.18421186693012714
8,0,7,0.38534814465617123,1,0.79045562073588371
5.0000000001,0,7,-0.75278454825967822,0,-2.7009339556097984
9,1,8,1.0225453407316192,0,4.6498920656740665
6.0000000001,0,8,-0.47090259927102057,1,4.0295478943735361
3,0,8,-0.58862981821460092,0,3.2549576964229345
18.000000000099998,0,8,-1.0988262751130609,1,3.8440134599804878
2,0,9,-0.30791852253676738,1,-0.099939651787281036
9.0000000001,1,9,0.8563321663889113,1,4.4383318405598402
5,1,9,-0.41016219633546869,1,1.4871816337108612
5.0000000001,1,9,-1.6444135373453328,0,3.1783270929008722
6,1,10,-0.020208844152012309,0,3.5186564307659864
2.0000000001,1,10,-0.15890476840653167,0,-2.0234463345259428
10,0,10,-0.3323923925581807,0,-1.8978437948971987
12.0000000001,1,10,-0.23199926208695965,0,3.2571888882666826
15,1,11,-0.54750779708251363,0,0.88424145802855492
13.0000000001,0,11,0.023940328340660875,0,4.2508028354495764
9,1,11,0.25181724155849938,0,2.9172092042863369
1.0000000001,1,11,-0.67345193973799067,0,0.37857426702976227
10,0,12,0.31081936034925145,1,-0.90910020470619202
1.0000000001,1,12,0.0059226729731539354,0,-1.0293066073209047
16,1,12,0.33533503572573942,0,0.17558147944509983
13.0000000001,0,12,0.6714770358864125,1,-1.3515741042792797
8,0,13,0.98597614111068521,1,-2.7769474852830172
11.0000000001,1,13,-0.99058278164970026,1,-2.403352091088891
13,1,13,-1.9713020821422111,0,1.5278343427926302
7.0000000001,1,13,-0.88230928456083191,1,-1.6398942898958921
4,1,14,-0.77851923312740046,0,-1.967391312122345
9.0000000001,1,14,-0.25758453241040369,0,2.6404153481125832
8,1,14,-0.2684090904425866,0,4.6144700013101101
11.0000000001,0,14,-0.17596638107743159,1,-0.98936003260314465
17,1,15,-0.024759618165052517,0,4.7117745690047741
6.0000000001,1,15,1.1038859365500224,0,0.095581768080592155
14,1,15,0.49217731582653362,1,-0.62980804219841957
14.0000000001,1,15,-1.3527760838719547,0,2.4145574774593115
10,1,16,-0.073986125877882003,0,1.7001098208129406
3.0000000001,1,16,-0.20429371599022311,0,-0.057574490085244179
17,0,16,0.13267312949056742,1,0.98078722693026066
16.000000000099998,1,16,-0.0072520330264199762,0,-0.29195841960608959
1,0,17,1.0320753422608659,1,3.4882568400353193
7.0000000001,1,17,-0.86311598519887356,1,0.49562508054077625
1,0,17,0.10787091912762529,0,3.1015780102461576
15.0000000001,0,17,1.4272899141196209,0,1.4874677192419767
15,1,18,-0.18426250297914465,0,4.4808727744966745
1.0000000001,0,18,-1.4549620325967163,1,2.506477277725935
3,0,18,0.70442041566917279,1,4.6307261511683464
8.0000000001,1,18,-0.34949945707395774,0,2.5657433271408081
16,1,19,-0.16610774552701088,1,-1.2510486226528883
4.0000000001,0,19,0.44192058936143885,0,0.0061410348862409592
15,1,19,0.7812724172767308,1,0.97975619696080685
4.0000000001,0,19,1.1714935306366454,0,1.4791886899620295
2,0,20,1.1544678805969701,0,-2.8386793099343777
2.0000000001,0,20,0.093841478271205953,1,2.2114208340644836
17,1,20,0.97355131026850872,0,2.3974745515733957
4.0000000001,1,20,0.87527300385073359,0,-2.8294716365635395
15,1,21,0.69240505926143991,0,3.1418804358690977
9.0000000001,1,21,-0.44070376071478318,0,3.8927018456161022
18,1,21,-0.25492776886110569,1,2.3673801925033331
6.0000000001,0,21,1.4350062296869015,1,1.105338292196393
13,0,22,1.4706142626113232,0,1.9958312921226025
7.0000000001,1,22,-1.8206970297773519,0,-2.9678159989416599
3,1,22,0.083280982847428894,0,2.0397996436804533
16.000000000099998,1,22,0.25440202543751511,0,2.4606020879000425
6,1,23,-0.73676191893136467,0,0.76618087477982044
11.0000000001,0,23,-0.50587632512542391,0,1.4339680522680283
10,1,23,0.81161891583708379,0,0.43466129899024963
16.000000000099998,0,23,-0.80084279055684671,0,1.6385420504957438
17,0,24,0.21571509669733713,0,0.8899835217744112
17.000000000099998,1,24,-1.2235408060441368,1,1.6724416445940733
10,1,24,0.74327916457802601,0,3.5884038638323545
1.0000000001,0,24,-2.6189186668746531,0,2.0205264501273632
18,1,25,-1.3504276986339827,0,-2.4093173984438181
11.0000000001,0,25,0.33458784485350052,0,0.75629016943275928
17,1,25,-0.92068751154202966,1,1.1933563947677612
15.0000000001,0,25,0.65449938598767776,1,1.3587536532431841
9,0,26,-0.77225654376502206,0,3.6728411298245192
6.0000000001,0,26,-0.075587311120611914,1,0.57589246705174446
8,0,26,-1.6978248352840557,0,4.8895504008978605
16.000000000099998,1,26,-0.16950422633008658,1,-0.20526880584657192
15,1,27,-1.1867872614698567,1,2.2234397027641535
8.0000000001,1,27,-0.064770408509788185,1,3.6721815709024668
14,1,27,-0.14048822805773456,0,4.8998235426843166
1.0000000001,1,27,0.68265282001709893,1,-2.927101394161582
3,1,28,0.1387743915168031,1,3.4683433827012777
7.0000000001,1,28,-0.14500767306270029,1,3.236383656039834
4,1,28,-1.1796284928031908,0,2.0997055768966675
10.0000000001,0,28,1.4497354029304454,0,2.7592101115733385
17,0,29,1.1697452344612127,0,2.9005203489214182
17.000000000099998,1,29,1.1295547941929824,0,-0.7946538832038641
10,1,29,-0.398869877959111,0,4.1276129279285669
13.0000000001,1,29,-0.42485022196872446,0,3.3746684454381466
17,1,30,-0.54282021748306297,0,-2.23655697517097
1.0000000001,1,30,-0.988699587402459,1,-2.8272314518690109
12,0,30,1.34193108353222,0,1.6378272026777267
8.0000000001,0,30,-1.8405626331366716,0,-1.0491458289325237
10,1,31,0.30455662909668879,0,-2.6957970764487982
9.0000000001,1,31,0.37917372467360505,1,0.06973954476416111
17,1,31,0.58965608957863513,1,1.7441350910812616
13.0000000001,1,31,-0.29102716528283079,0,0.86137514933943748
16,1,32,1.5567590429594629,1,2.1638104729354382
5.0000000001,0,32,-0.22575378225376297,0,1.0276339836418629
6,0,32,-0.17160820829213291,1,-2.4100441839545965
11.0000000001,1,32,2.2578179712627038,0,0.76983534917235374
2,1,33,0.47811626963349274,0,-1.746829230338335
4.0000000001,1,33,-0.90175461713263383,0,-1.8077350128442049
13,1,33,-0.33193837480848393,0,-0.38855384662747383
3.0000000001,1,33,-1.6821996117713098,1,-0.86531997472047806
17,1,34,0.13447740657913881,0,0.79968475364148617
18.000000000099998,1,34,-0.82874205065881845,1,2.6742731649428606
10,1,34,1.0074177298909792,0,-0.16943343728780746
18.000000000099998,1,34,1.3381503052077781,0,3.904686750844121
4,1,35,-0.08731906440023246,1,2.2012920305132866
16.000000000099998,1,35,0.98649606572319348,1,2.9224727209657431
15,1,35,-0.61570532345837925,0,-1.1093432959169149
12.0000000001,1,35,0.029030913512973957,0,-1.9598783254623413
1,1,36,1.1290963961523546,0,3.086117297410965
17.000000000099998,0,36,0.42011315695738727,0,-0.84830747172236443
15,1,36,-0.23927187707747014,0,4.584599707275629
7.0000000001,1,36,0.66774230387245714,0,4.0591327324509621
14,1,37,-0.18400176779430469,0,1.2125020101666451
15.0000000001,1,37,-1.2477596755032314,0,-2.4066777918487787
13,1,37,-0.043493394396397295,0,3.5596953518688679
5.0000000001,1,37,-0.34568203982773243,1,4.2227843385189772
2,1,38,-0.66878958114915865,0,-0.19850775040686131
11.0000000001,1,38,-0.29154939268142405,0,2.7731547765433788
3,1,38,-0.88529343308349051,0,2.2456789296120405
12.0000000001,1,38,0.47358381115879755,0,-0.48133314959704876
14,0,39,-1.5103272202370954,0,-1.636906648054719
13.0000000001,0,39,-1.655558385962264,1,3.8241750318557024
3,1,39,-0.83188134636882571,1,1.466532863676548
2.0000000001,0,39,0.64086433710465263,0,4.8336328379809856
4,1,40,0.56421823686769157,0,0.20064126886427402
1.0000000001,1,40,0.010145934748413002,0,1.367344805970788
15,0,40,0.92458739816023949,0,4.9034001957625151
5.0000000001,0,40,0.028872899563579028,0,2.1237326059490442
