8,1,1,28,1
16,1,1,28,1
23,1,2,48,2
13,0,2,48,2
22,1,3,32,1
28,1,3,32,1
447,1,4,31,2
318,1,4,32,2
30,1,5,10,1
12,1,5,10,1
24,1,6,16,2
245,1,6,17,2
7,1,7,51,1
9,1,7,51,1
511,1,8,55,2
30,1,8,56,2
53,1,9,69,2
196,1,9,69,2
15,1,10,51,1
154,1,10,52,1
7,1,11,44,2
333,1,11,44,2
141,1,12,34,2
8,0,12,34,2
96,1,13,35,2
38,1,13,35,2
149,0,14,42,2
70,0,14,42,2
536,1,15,17,2
25,0,15,17,2
17,1,16,60,1
4,0,16,60,1
185,1,17,60,2
177,1,17,60,2
292,1,18,43,2
114,1,18,44,2
22,0,19,53,2
159,0,19,53,2
15,1,20,44,2
108,0,20,44,2
152,1,21,46,1
562,1,21,47,1
402,1,22,30,2
24,0,22,30,2
13,1,23,62,2
66,1,23,63,2
39,1,24,42,2
46,0,24,43,2
12,1,25,43,1
40,1,25,43,1
113,0,26,57,2
201,1,26,58,2
132,1,27,10,2
156,1,27,10,2
34,1,28,52,2
30,1,28,52,2
2,1,29,53,1
25,1,29,53,1
130,1,30,54,2
26,1,30,54,2
27,1,31,56,2
58,1,31,56,2
5,0,32,50,2
43,1,32,51,2
152,1,33,57,2
30,1,33,57,2
190,1,34,44,2
5,0,34,45,2
119,1,35,22,2
8,1,35,22,2
54,0,36,42,2
16,0,36,42,2
6,0,37,52,2
78,1,37,52,2
63,1,38,60,1
8,0,38,60,1
