-13.333882658673245,-0.50842369801450571
-10.692409047584873,-0.46307463426829049
3.3836200967891767,0.21649560847613603
-0.47248646400652872,-0.042325520657499512
-7.0992948881742501,-0.45630519825883087
-4.9006528546238792,-0.31370270007745993
13.945770648087874,-0.15876663938543631
10.996381428050148,-0.13513269909674869
-9.4343174834821522,-0.24342914042023781
-26.876768463912619,-0.50250821542464208
-22.392322681246451,0.22152781743508301
16.694848093557496,-0.11754105702557779
7.1274238857200025,-0.52473555861768006
6.4506148734370861,-0.5099798003716256
-20.543534069222122,-0.22027322786322565
7.0807416869400042,0.14048794167168402
10.687356284874921,0.073779169417428403
-7.4587408898973857,-0.15445845430250377
4.9635517102206386,-0.45880409273802525
-9.4164284695441456,0.83160711348225447
0.64836305175628028,0.42117775216048309
1.1974786964505324,-0.15241437151705076
-2.1537546946474269,0.054213074046294711
0.49027949369783197,-0.022603690436463712
-2.2127884515669294,0.040824024707183999
-6.7827206483410301,0.12462452194348667
1.6570602900016052,-0.22708029256449885
1.3674634102068062,-0.1656216883868083
42.289154292886124,-0.19616621643538376
5.5623354268370937,-0.075523528800852308
9.8118705867579781,-0.44223010433148707
-0.36856310030157008,0.012810601635159284
-2.1006543202814942,-0.14510914202828742
-2.0167679863193744,-0.14431622933815783
3.5110369170487639,-0.14149354938135406
1.4490638500641817,0.051717971536777006
-1.6623487959439571,-0.067143937044220614
-9.293812535786623,-0.27967189947913251
0.13409858882260237,0.31032755465514511
0.18024960246723895,-0.17960160073310985
-2.6406970091531057,0.787290876506204
-35.566613655468799,4.1300174865878159
14.752827975959873,-0.14475435454615845
2.6997792914616503,-0.072838995539666634
15.915031233655951,0.30867379651202936
8.198118209700711,0.024492283064870751
-2.6164101875023862,0.12253413671310247
0.61006350060379644,-0.1415988841914575
-0.12083606158604954,-0.4942643110837126
-1.355316568989642,-0.0582425074718518
-8.2464665147565572,-0.1847679627587544
-1.9545397258410209,-0.14757257390347789
-8.3839586208606818,0.065970191069438702
-0.78106008183439712,-0.12176395809938821
3.5451140874244844,0.12009639954838011
4.5470560025814537,0.14151297228323842
8.6810908524719732,-0.53948701441791702
3.8423325645177959,-0.37113920602038958
3.1402112942821625,0.046086443463766995
7.0248035922751217,0.19114152626692393
8.4826101004518168,0.19064620442293892
4.7908851477927596,0.083975470040241335
-0.058776223248380138,-0.004474029011508349
2.136200807677946,0.074631708246260905
0.26947925980754539,0.039558188690363323
7.7101946264244026,0.14023028339147503
2.1187151634733499,-0.13514143368986334
-0.0087355227862589979,-0.0044254933565479977
-5.8496471375120622,0.060632981982116856
-20.048368768325869,0.40323954532660411
1.1592404218234702,-0.14697635148218607
0.2165106443240685,-0.05615616171560351
-0.079098539200596327,-0.0044935919932398722
4.106406605362662,0.034386439041695221
-4.569423248025684,0.14071160432119784
-2.0832379292093592,0.071112027917527951
