date,residual
1958-04-05,1.177532627
1958-04-12,0.2774473345
1958-04-19,-0.1225739885
1958-04-26,-1.122566881
1958-05-03,0.4775113036
1958-05-10,-0.0225242348
1958-05-17,0.5774757652
1958-05-24,0.3774331191
1958-05-31,-0.02259531159
1958-06-07,-0.02259531159
1958-06-14,-0.02259531159
1958-06-21,-0.02259531159
1958-06-28,-0.02259531159
1958-07-05,-2.122595312
1958-07-12,-0.02244605033
1958-07-19,-0.4224460503
1958-07-26,0.07758238039
1958-08-02,0.07757527271
1958-08-09,-0.522431835
1958-08-16,-0.1223962966
1958-08-23,-0.0223891889
1958-08-30,-0.9223891889
1958-09-06,-0.6223252198
1958-09-13,-0.02228257371
1958-09-20,-0.02228257371
1958-09-27,-0.02228257371
1958-10-04,-0.02228257371
1958-10-11,-0.02228257371
1958-10-18,-0.02228257371
1958-10-25,-0.02228257371
1958-11-01,-0.02228257371
1958-11-08,-0.5222825737
1958-11-15,0.1777529647
1958-11-22,0.2777387493
1958-11-29,0.4777174263
1958-12-06,0.4776818879
1958-12-13,-0.1223536505
1958-12-20,0.2776534572
1958-12-27,0.4776321341
1959-01-03,-0.02240340425
1959-01-10,0.2775965957
1959-01-17,0.07757527271
1959-01-24,0.177568165
1959-01-31,-0.4224460503
1959-02-07,-0.02241761961
1959-02-14,1.47758238
1959-02-21,-0.3225242348
1959-02-28,-0.02250291176
1959-03-07,0.1774970882
1959-03-14,-0.02251712712
1959-03-21,-0.1225171271
1959-03-28,-0.02251001944
1959-04-04,0.9774899806
1959-04-11,-0.6225810962
1959-04-18,0.4774615498
1959-04-25,0.6774260115
1959-05-02,-0.1226237423
1959-05-09,0.4773833654
1959-05-16,-0.722652173
1959-05-23,0.3773975807
1959-05-30,-0.02263084998
1959-06-06,0.07736915002
1959-06-13,-0.4226379577
1959-06-20,-0.3226095269
1959-06-27,-0.1225882039
1959-07-04,-0.9225810962
1959-07-11,-0.02251712712
1959-07-18,-0.4225171271
1959-07-25,-0.3224886964
1959-08-01,-0.5224673734
1959-08-08,-0.722431835
1959-08-15,-0.02238208122
1959-08-22,0.07761791878
1959-08-29,-0.9223891889
1959-09-05,0.2776747802
1959-09-12,-0.5223465428
1959-09-19,-0.4223110044
1959-09-26,-0.02228257371
1959-10-03,-0.5222825737
1959-10-10,0.07775296468
1959-10-17,0.277745857
1959-10-24,-0.02227546603
1959-10-31,0.677724534
1959-11-07,0.2776747802
1959-11-14,0.3776534572
1959-11-21,0.3776250265
1959-11-28,-0.1224034043
1959-12-05,-0.1223962966
1959-12-12,0.5776108111
1959-12-19,0.177568165
1959-12-26,-0.1224460503
1960-01-02,-0.02243894265
1960-01-09,0.6775610574
1960-01-16,0.2775113036
1960-01-23,-0.2225100194
1960-01-30,0.07750419592
1960-02-06,-0.02250291176
1960-02-13,0.2774970882
1960-02-20,0.4774757652
1960-02-27,-0.4225597732
1960-03-05,-0.1225313425
1960-03-12,0.7774757652
1960-03-19,0.2774189038
1960-03-26,-0.3226024193
1960-04-02,0.8774189038
1960-04-09,0.6773549347
1960-04-16,-0.3226948191
1960-04-23,-0.02267349606
1960-04-30,0.6773265039
1960-05-07,0.1772767502
1960-05-14,-0.1227374652
1960-05-21,0.1772696425
1960-05-28,-0.02274457285
1960-06-04,-0.6227445728
1960-06-11,0.5772980732
1960-06-18,-0.6227445728
1960-06-25,-0.4227019268
1960-07-02,-0.9226734961
1960-07-09,0.4773904731
1960-07-16,-0.2226450653
1960-07-23,-0.52263085
1960-07-30,-0.6225953116
1960-08-06,-0.7225526655
1960-08-13,0.07749708824
1960-08-20,-1.622510019
1960-08-27,-0.4223962966
1960-09-03,-0.02236786586
1960-09-10,-0.2223678659
1960-09-17,-0.3223536505
1960-09-24,-0.9223323275
1960-10-01,0.2777316416
1960-10-08,-0.3222896814
1960-10-15,0.5777316416
1960-10-22,0.2776889956
1960-10-29,-0.02233232746
1960-11-05,0.2776676725
1960-11-12,0.5776463495
1960-11-19,-0.02239629657
1960-11-26,0.2776037034
1960-12-03,0.3775823804
1960-12-10,0.1775539497
1960-12-17,0.1775397343
1960-12-24,0.177525519
1960-12-31,0.1775113036
1961-01-07,0.07749708824
1961-01-14,0.2774899806
1961-01-21,-0.02253134248
1961-01-28,-0.02253134248
1961-02-04,-0.02253134248
1961-02-11,0.6774686575
1961-02-18,0.1774189038
1961-02-25,0.07740468841
1961-03-04,-0.02260241927
1961-03-11,0.4773975807
1961-03-18,0.3773620423
1961-03-25,-0.2226663884
1961-04-01,0.677347827
1961-04-08,0.07729807323
1961-04-15,-0.6227090345
1961-04-22,0.7773336116
1961-04-29,-0.1227232498
1961-05-06,0.9772838579
1961-05-13,-0.2227872189
1961-05-20,0.1772269964
1961-05-27,-0.3227872189
1961-06-03,-0.3227658959
1961-06-10,-0.02274457285
1961-06-17,-0.4227445728
1961-06-24,-0.2227161421
1961-07-01,-0.2227019268
1961-07-08,-0.2226877114
1961-07-15,-0.6226734961
1961-07-22,-1.32263085
1961-07-29,0.7774615498
1961-08-05,-0.02259531159
1961-08-12,-0.6225953116
1961-08-19,-0.6225526655
1961-08-26,-1.522510019
1961-09-02,-0.02240340425
1961-09-09,-0.3224034043
1961-09-16,-0.4223820812
1961-09-23,0.4776463495
1961-09-30,0.5776108111
1961-10-07,-0.722431835
1961-10-14,0.4776179188
1961-10-21,-0.02241761961
1961-10-28,0.2775823804
1961-11-04,0.07756105735
1961-11-11,-0.1224460503
1961-11-18,0.4775610574
1961-11-25,0.277525519
1961-12-02,-0.02249580408
1961-12-09,0.4775041959
1961-12-16,-0.1225313425
1961-12-23,0.1774757652
1961-12-30,0.2774615498
1962-01-06,0.4774402268
1962-01-13,0.1774046884
1962-01-20,-0.1226095269
1962-01-27,-0.3226024193
1962-02-03,0.2774189038
1962-02-10,0.2773975807
1962-02-17,0.5773762577
1962-02-24,0.3773336116
1962-03-03,-0.1226948191
1962-03-10,0.1773122886
1962-03-17,0.4772980732
1962-03-24,-0.2227374652
1962-03-31,0.4772767502
1962-04-07,-0.0227587882
1962-04-14,0.7772412118
1962-04-21,-0.3228156496
1962-04-28,-0.4227943266
1962-05-05,0.4772341041
1962-05-12,-0.1228014343
1962-05-19,0.2772056734
1962-05-26,0.07718435036
1962-06-02,-0.2228227573
1962-06-09,-0.122808542
1962-06-16,-0.3228014343
1962-06-23,-0.4227801112
1962-06-30,0.07724831947
1962-07-07,-0.1227587882
1962-07-14,-0.2227516805
1962-07-21,-0.9227374652
1962-07-28,-0.3226734961
1962-08-04,-0.122652173
1962-08-11,-1.422645065
1962-08-18,0.1774544422
1962-08-25,-0.02255977319
1962-09-01,-0.02255977319
1962-09-08,-0.02255977319
1962-09-15,-0.8225597732
1962-09-22,-0.9225029118
1962-09-29,0.1775610574
1962-10-06,-0.822453158
1962-10-13,0.2776037034
1962-10-20,0.2775823804
1962-10-27,-0.02243894265
1962-11-03,0.1775610574
1962-11-10,0.477546842
1962-11-17,0.4775113036
1962-11-24,0.0774757652
1962-12-01,0.07746865752
1962-12-08,0.1774615498
1962-12-15,0.2774473345
1962-12-22,0.4774260115
1962-12-29,-0.02260952694
1963-01-05,0.3773904731
1963-01-12,0.1773620423
1963-01-19,0.177347827
1963-01-26,-0.1226663884
1963-02-02,-0.1226592807
1963-02-09,0.177347827
1963-02-16,-0.02266638838
1963-02-23,0.3773336116
1963-03-02,-0.02269481909
1963-03-09,0.3773051809
1963-03-16,0.07727675019
1963-03-23,0.4772696425
1963-03-30,-0.1227658959
1963-04-06,0.0772412118
1963-04-13,0.5772341041
1963-04-20,1.077191458
1963-04-27,-0.1228867264
1963-05-04,-0.02287961875
1963-05-11,-0.02287961875
1963-05-18,0.2771203813
1963-05-25,-0.02290094178
1963-06-01,0.07709905822
1963-06-08,-0.3229080495
1963-06-15,-0.2228867264
1963-06-22,-1.022872511
1963-06-29,-0.4228014343
1963-07-06,-0.3227730036
1963-07-13,-0.3227516805
1963-07-20,-0.3227303575
1963-07-27,-0.5227090345
1963-08-03,-0.4226734961
1963-08-10,-0.4226450653
1963-08-17,-0.5226166346
1963-08-24,-0.6225810962
1963-08-31,-0.7225384502
1963-09-07,0.3775113036
1963-09-14,-0.9225171271
1963-09-21,0.07754684199
1963-09-28,-0.1224602657
1963-10-05,0.277546842
1963-10-12,-0.622474481
1963-10-19,0.477568165
1963-10-26,0.1775326266
1963-11-02,0.2775184113
1963-11-09,0.1774970882
1963-11-16,0.2774828729
1963-11-23,-0.02253845015
1963-11-30,0.3774615498
1963-12-07,0.4774331191
1963-12-14,0.1773975807
1963-12-21,0.2773833654
1963-12-28,0.1773620423
1964-01-04,0.277347827
1964-01-11,0.3773265039
1964-01-18,0.3772980732
1964-01-25,-0.02273035749
1964-02-01,-0.02273035749
1964-02-08,-0.02273035749
1964-02-15,-0.02273035749
1964-02-22,-0.02273035749
1964-02-29,-0.02273035749
1964-03-07,-0.02273035749
1964-03-14,-0.02273035749
1964-03-21,-0.02273035749
1964-03-28,-0.02273035749
1964-04-04,-0.02273035749
1964-04-11,-0.02273035749
1964-04-18,-0.02273035749
1964-04-25,-0.02273035749
1964-05-02,-0.02273035749
1964-05-09,-0.02273035749
1964-05-16,-0.02273035749
1964-05-23,-0.02273035749
1964-05-30,2.177269643
1964-06-06,-0.02288672643
1964-06-13,-0.02288672643
1964-06-20,-0.02288672643
1964-06-27,-0.5228867264
1964-07-04,-0.422851188
1964-07-11,-1.222822757
1964-07-18,0.2772625348
1964-07-25,-0.2227587882
1964-08-01,-0.9227445728
1964-08-08,-0.02268060373
1964-08-15,-0.5226806037
1964-08-22,-0.4226450653
1964-08-29,-0.1226166346
1964-09-05,-0.7226095269
1964-09-12,-0.9225597732
1964-09-19,-1.022495804
1964-09-26,1.477575273
1964-10-03,-0.1225313425
1964-10-10,-0.4225242348
1964-10-17,0.2775041959
1964-10-24,0.1774828729
1964-10-31,0.5774686575
1964-11-07,0.07742601145
1964-11-14,-0.1225810962
1964-11-21,-0.1225739885
1964-11-28,0.5774331191
1964-12-05,0.2773904731
1964-12-12,0.07736915002
1964-12-19,0.3773620423
1964-12-26,-0.02266638838
1965-01-02,0.07733361162
1965-01-09,0.07732650394
1965-01-16,-0.02268060373
1965-01-23,0.5773193963
1965-01-30,0.3772767502
1965-02-06,0.07724831947
1965-02-13,-0.1227587882
1965-02-20,0.5772483195
1965-02-27,0.0772056734
1965-03-06,0.1771985657
1965-03-13,-0.1228156496
1965-03-20,-0.522808542
1965-03-27,0.9772269964
1965-04-03,0.4771559196
1965-04-10,0.2771203813
1965-04-17,-0.1229009418
1965-04-24,-0.3228938341
1965-05-01,0.5771274889
1965-05-08,-0.2229151571
1965-05-15,-0.3229009418
1965-05-22,-0.3228796187
1965-05-29,0.5771417043
1965-06-05,-0.4229009418
1965-06-12,-0.1228725111
1965-06-19,-0.02286540339
1965-06-26,0.1771345966
1965-07-03,-0.02287961875
1965-07-10,-0.1228796187
1965-07-17,-0.1228725111
1965-07-24,-1.322865403
1965-07-31,-1.022773004
1965-08-07,-0.02270192677
1965-08-14,-1.422701927
1965-08-21,0.7773975807
1965-08-28,-0.1226592807
1965-09-04,-0.422652173
1965-09-11,-0.3226237423
1965-09-18,0.1773975807
1965-09-25,-1.422616635
1965-10-02,-0.2225171271
1965-10-09,0.5774970882
1965-10-16,0.5774544422
1965-10-23,-0.3225882039
1965-10-30,0.07743311913
1965-11-06,0.6774260115
1965-11-13,0.8773762577
1965-11-20,-0.3226877114
1965-11-27,0.1773336116
1965-12-04,-0.1226806037
1965-12-11,0.2773265039
1965-12-18,-0.02269481909
1965-12-25,0.3773051809
1966-01-01,-0.1227232498
1966-01-08,0.7772838579
1966-01-15,0.1772269964
1966-01-22,0.3772127811
1966-01-29,0.07718435036
1966-02-05,0.07717724268
1966-02-12,0.477170135
1966-02-19,-0.1228654034
1966-02-26,0.1771417043
1966-03-05,0.2771274889
1966-03-12,-0.02289383411
1966-03-19,0.3771061659
1966-03-26,0.2770777352
1966-04-02,0.6770564121
1966-04-09,0.07700665839
1966-04-16,0.1769995507
1966-04-23,0.07698533535
1966-04-30,-0.4230217723
1966-05-07,0.4770066584
1966-05-14,0.07697111999
1966-05-21,-0.4230359877
1966-05-28,0.576992443
1966-06-04,-0.323050203
1966-06-11,-0.22302888
1966-06-18,-0.1230146646
1966-06-25,-0.423007557
1966-07-02,-0.5229791263
1966-07-09,0.07705641214
1966-07-16,-0.02295069554
1966-07-23,-0.02295069554
1966-07-30,-0.02295069554
1966-08-06,-1.622950696
1966-08-13,-0.5228369727
1966-08-20,-1.722801434
1966-08-27,0.4773193963
1966-09-03,0.2772838579
1966-09-10,-1.722737465
1966-09-17,0.1773833654
1966-09-24,-0.12263085
1966-10-01,-0.4226237423
1966-10-08,-0.02259531159
1966-10-15,0.2774046884
1966-10-22,0.3773833654
1966-10-29,-0.3226450653
1966-11-05,-0.0226237423
1966-11-12,1.177376258
1966-11-19,0.4772909655
1966-11-26,0.1772554272
1966-12-03,0.5772412118
1966-12-10,-0.02280143428
1966-12-17,0.2771985657
1966-12-24,0.1771772427
1966-12-31,-0.02283697267
1967-01-07,0.5771630273
1967-01-14,0.9771203813
1967-01-21,-0.02295069554
1967-01-28,-0.02295069554
1967-02-04,-0.8229506955
1967-02-11,0.07710616589
1967-02-18,0.5770990582
1967-02-25,-0.2229435879
1967-03-04,0.2770706275
1967-03-11,-0.3229506955
1967-03-18,0.6770706275
1967-03-25,-0.1229791263
1967-04-01,-0.1229720186
1967-04-08,1.077035089
1967-04-15,0.1769569046
1967-04-22,0.1769426893
1967-04-29,0.4769284739
1967-05-06,0.07689293552
1967-05-13,-0.5231141722
1967-05-20,0.2769213662
1967-05-27,-0.1230999568
1967-06-03,-0.02309284912
1967-06-10,-0.3230928491
1967-06-17,-1.323071526
1967-06-24,0.1770208737
1967-07-01,-0.7229933416
1967-07-08,-0.02294358786
1967-07-15,-0.4229435879
1967-07-22,-0.02291515714
1967-07-29,-0.4229151571
1967-08-05,-0.4228867264
1967-08-12,-0.2228582957
1967-08-19,-1.02284408
1967-08-26,-0.4227730036
1967-09-02,-0.02274457285
1967-09-09,-0.6227445728
1967-09-16,-0.1227019268
1967-09-23,-0.3226948191
1967-09-30,-0.2226734961
1967-10-07,-0.0226592807
1967-10-14,0.9773407193
1967-10-21,-0.4227303575
1967-10-28,0.3772980732
1967-11-04,0.1772696425
1967-11-11,0.2772554272
1967-11-18,0.5772341041
1967-11-25,0.577191458
1967-12-02,-0.122851188
1967-12-09,0.3771559196
1967-12-16,0.3771274889
1967-12-23,-0.3229009418
1967-12-30,0.3771203813
1968-01-06,0.07709195054
1968-01-13,0.07708484286
1968-01-20,-0.02292226482
1968-01-27,0.2770777352
1968-02-03,-0.2229435879
1968-02-10,0.4770706275
1968-02-17,0.2770350891
1968-02-24,-0.3229862339
1968-03-02,-0.0229649109
1968-03-09,0.6770350891
1968-03-16,-0.02301466465
1968-03-23,0.3769853354
1968-03-30,0.4769569046
1968-04-06,-0.02307863376
1968-04-13,0.2769213662
1968-04-20,-0.2230999568
1968-04-27,0.5769142586
1968-05-04,0.1768716125
1968-05-11,-0.6231426029
1968-05-18,0.4769000432
1968-05-25,0.2768645048
1968-06-01,-0.2231568182
1968-06-08,0.07685739713
1968-06-15,-0.2231497105
1968-06-22,-0.6231354952
1968-06-29,-0.3230928491
1968-07-06,0.07692847392
1968-07-13,-0.6230786338
1968-07-20,-0.2230359877
1968-07-27,-0.5230217723
1968-08-03,-1.022986234
1968-08-10,-0.2229151571
1968-08-17,-0.2229009418
1968-08-24,-0.3228867264
1968-08-31,-0.3228654034
1968-09-07,-1.02284408
1968-09-14,0.6772269964
1968-09-21,-1.422822757
1968-09-28,0.07727675019
1968-10-05,0.6772696425
1968-10-12,-0.02278011124
1968-10-19,-0.3227801112
1968-10-26,-0.3227587882
1968-11-02,0.7772625348
1968-11-09,0.0772056734
1968-11-16,0.5771985657
1968-11-23,0.2771559196
1968-11-30,0.2771345966
1968-12-07,0.3771132736
1968-12-14,0.4770848429
1968-12-21,0.3770493045
1968-12-28,-0.2229791263
1969-01-04,0.1770350891
1969-01-11,0.6770208737
1969-01-18,0.27697112
1969-01-25,-0.223050203
1969-02-01,-0.02303598769
1969-02-08,-0.2230359877
1969-02-15,0.3769782277
1969-02-22,0.476949797
1969-03-01,0.2769142586
1969-03-08,0.3768929355
1969-03-15,0.1768645048
1969-03-22,0.1768502895
1969-03-29,-0.1231639259
1969-04-05,0.3768431818
1969-04-12,0.8768147511
1969-04-19,-0.6232492181
1969-04-26,-0.02320657198
1969-05-03,0.976793428
1969-05-10,0.2767223512
1969-05-17,-1.023298972
1969-05-24,0.07677210498
1969-05-31,0.4767649973
1969-06-07,-0.9232705411
1969-06-14,0.176793428
1969-06-21,-0.02322078734
1969-06-28,-0.4232207873
1969-07-05,-0.2231923566
1969-07-12,-0.1231781413
1969-07-19,-0.3231710336
1969-07-26,-0.3231497105
1969-08-02,-0.9231283875
1969-08-09,-0.0230644184
1969-08-16,-1.423064418
1969-08-23,-0.6229649109
1969-08-30,0.5770777352
1969-09-06,-0.9229649109
1969-09-13,0.4770990582
1969-09-20,0.07706351982
1969-09-27,-0.9229435879
1969-10-04,-0.4228796187
1969-10-11,0.277148812
1969-10-18,0.1771274889
1969-10-25,-0.1228867264
1969-11-01,0.2771203813
1969-11-08,0.3770990582
1969-11-15,0.0770706275
1969-11-22,0.3770635198
1969-11-29,0.3770350891
1969-12-06,0.3770066584
1969-12-13,-0.02302177233
1969-12-20,0.2769782277
1969-12-27,0.2769569046
1970-01-03,0.1769355816
1970-01-10,0.6769213662
1970-01-17,-0.4231283875
1970-01-24,-0.2230999568
1970-01-31,0.6769142586
1970-02-07,0.1768645048
1970-02-14,0.2768502895
1970-02-21,0.2768289664
1970-02-28,-0.2231923566
1970-03-07,0.6768218587
1970-03-14,-0.02322789502
1970-03-21,0.676772105
1970-03-28,-0.6232776488
1970-04-04,1.276764997
1970-04-11,-0.4233274025
1970-04-18,-0.02329897181
1970-04-25,0.6767010282
1970-05-02,-0.6233487256
1970-05-09,-0.4233060795
1970-05-16,0.4767223512
1970-05-23,0.2766868128
1970-05-30,-0.4233345102
1970-06-06,-0.4233060795
1970-06-13,0.2767223512
1970-06-20,-0.1232989718
1970-06-27,-0.5232918641
1970-07-04,-0.02325632574
1970-07-11,-1.023256326
1970-07-18,-0.02318524894
1970-07-25,-0.6231852489
1970-08-01,-0.4231426029
1970-08-08,-0.02311417215
1970-08-15,-0.4231141722
1970-08-22,-0.02308574144
1970-08-29,-1.523085741
1970-09-05,-0.4229791263
1970-09-12,0.5770493045
1970-09-19,-0.4229933416
1970-09-26,-0.0229649109
1970-10-03,0.0770350891
1970-10-10,0.2770279814
1970-10-17,-0.6229933416
1970-10-24,0.07704930446
1970-10-31,0.07704219678
1970-11-07,0.4770350891
1970-11-14,0.07699955071
1970-11-21,0.476992443
1970-11-28,0.4769569046
1970-12-05,-0.02307863376
1970-12-12,0.2769213662
1970-12-19,0.1769000432
1970-12-26,0.2768858278
1971-01-02,0.1768645048
1971-01-09,0.07685028945
1971-01-16,0.07684318177
1971-01-23,0.7768360741
1971-01-30,-0.1232207873
1971-02-06,-0.1232136797
1971-02-13,-0.123206572
1971-02-20,0.2768005357
1971-02-27,0.2767792127
1971-03-06,0.07675788962
1971-03-13,0.1767507819
1971-03-20,-0.3232634334
1971-03-27,0.3767578896
1971-04-03,-0.02327054109
1971-04-10,-0.3232705411
1971-04-17,0.5767507819
1971-04-24,0.7767081359
1971-05-01,-0.3233487256
1971-05-08,0.7766725975
1971-05-15,0.176615736
1971-05-22,-0.3233984793
1971-05-29,-0.1233771563
1971-06-05,-0.3233700486
1971-06-12,0.2766512744
1971-06-19,-0.7233700486
1971-06-26,0.3766797052
1971-07-03,-0.6233487256
1971-07-10,-0.1233060795
1971-07-17,-0.3232989718
1971-07-24,-1.323277649
1971-07-31,0.4768147511
1971-08-07,-0.6232207873
1971-08-14,-0.5231781413
1971-08-21,-0.3231426029
1971-08-28,-1.32312128
1971-09-04,-0.42302888
1971-09-11,-0.1230004493
1971-09-18,-0.3229933416
1971-09-25,0.07702798143
1971-10-02,-0.02297912625
1971-10-09,-0.4229791263
1971-10-16,0.5770493045
1971-10-23,0.07700665839
1971-10-30,0.7769995507
1971-11-06,-0.1230573107
1971-11-13,0.176949797
1971-11-20,0.4769355816
1971-11-27,0.4769000432
1971-12-04,-0.2231354952
1971-12-11,0.5768787202
1971-12-18,0.2768360741
1971-12-25,0.07681475106
1972-01-01,0.2768076434
1972-01-08,-0.02321367966
1972-01-15,-0.02321367966
1972-01-22,-0.02321367966
1972-01-29,0.5767863203
1972-02-05,0.1767436743
1972-02-12,0.4767294589
1972-02-19,-0.1233060795
1972-02-26,-0.4232989718
1972-03-04,0.07672945891
1972-03-11,-0.4232776488
1972-03-18,0.5767507819
1972-03-25,0.8767081359
1972-04-01,0.2766441668
1972-04-08,0.4766228437
1972-04-15,0.3765873053
1972-04-22,0.2765588746
1972-04-29,-0.1234624484
1972-05-06,-0.02345534075
1972-05-13,-0.3234553407
1972-05-20,0.3765659823
1972-05-27,0.07653755157
1972-06-03,-0.5234695561
1972-06-10,-0.6234340177
1972-06-17,-0.1233913716
1972-06-24,-0.523384264
1972-07-01,0.07665127444
1972-07-08,-0.3233558332
1972-07-15,-0.6233345102
1972-07-22,0.3767081359
1972-07-29,-0.6233202948
1972-08-05,-0.6232776488
1972-08-12,-0.3232350027
1972-08-19,-0.1232136797
1972-08-26,-1.523206572
1972-09-02,0.3769000432
1972-09-09,0.2768716125
1972-09-16,-0.9231497105
1972-09-23,-0.6230857414
1972-09-30,-0.02304309536
1972-10-07,0.5769569046
1972-10-14,0.6769142586
1972-10-21,-0.4231354952
1972-10-28,0.6768929355
1972-11-04,0.4768431818
1972-11-11,-0.2231923566
1972-11-18,0.2768218587
1972-11-25,0.4768005357
1972-12-02,-0.0232350027
1972-12-09,0.1767649973
1972-12-16,0.4767507819
1972-12-23,0.2767152435
1972-12-30,0.2766939205
1973-01-06,0.1766725975
1973-01-13,-0.02334161788
1973-01-20,0.1766583821
1973-01-27,0.1766441668
1973-02-03,0.2766299514
1973-02-10,0.3766086284
1973-02-17,0.07658019765
1973-02-24,0.07657308997
1973-03-03,0.1765659823
1973-03-10,0.1765517669
1973-03-17,0.3765375516
1973-03-24,0.2765091209
1973-03-31,-0.2235122022
1973-04-07,0.5765020132
1973-04-14,-0.1235406329
1973-04-21,0.7764664748
1973-04-28,0.1764096134
1973-05-05,0.07639539799
1973-05-12,0.07638829031
1973-05-19,0.2763811826
1973-05-26,-0.1236401404
1973-06-02,-0.3236330327
1973-06-09,0.2763882903
1973-06-16,-0.5236330327
1973-06-23,-0.4235974943
1973-06-30,-0.2235690636
1973-07-07,0.07644515175
1973-07-14,-0.5235619559
1973-07-21,-1.023526418
1973-07-28,0.07654465925
1973-08-04,-0.1234624484
1973-08-11,-0.5234553407
1973-08-18,-0.2234198024
1973-08-25,-0.823405587
1973-09-01,-0.1233487256
1973-09-08,-0.8233416179
1973-09-15,0.1767152435
1973-09-22,-0.7232989718
1973-09-29,-0.5232492181
1973-10-06,0.3767863203
1973-10-13,0.3767578896
1973-10-20,-0.02327054109
1973-10-27,-0.3232705411
1973-11-03,0.3767507819
1973-11-10,0.4767223512
1973-11-17,0.1766868128
1973-11-24,0.2766725975
1973-12-01,0.4766512744
1973-12-08,-0.323384264
1973-12-15,-0.1233629409
1973-12-22,-0.4233558332
1973-12-29,0.4766725975
1974-01-05,0.1766370591
1974-01-12,0.2766228437
1974-01-19,0.1766015207
1974-01-26,0.3765873053
1974-02-02,0.6765588746
1974-02-09,0.2765091209
1974-02-16,-0.2235122022
1974-02-23,-0.02349798682
1974-03-02,0.07650201318
1974-03-09,0.4764949055
1974-03-16,0.8764593671
1974-03-23,-0.123604602
1974-03-30,-0.5235974943
1974-04-06,0.8764380441
1974-04-13,-0.323625925
1974-04-20,0.776395398
1974-04-27,0.1763385366
1974-05-04,-0.2236756788
1974-05-11,0.07633853656
1974-05-18,0.1763314289
1974-05-25,-0.4236827865
1974-06-01,0.07634564424
1974-06-08,-0.9236614634
1974-06-15,-0.02359749433
1974-06-22,0.1764025057
1974-06-29,-0.5236117097
1974-07-06,-0.02357617129
1974-07-13,-0.5235761713
1974-07-20,-0.8235406329
1974-07-27,0.5765162285
1974-08-03,-1.023526418
1974-08-10,-0.1234553407
1974-08-17,-0.7234482331
1974-08-24,-0.3233984793
1974-08-31,-0.8233771563
1974-09-07,-0.1233202948
1974-09-14,-0.7233131872
1974-09-21,-0.4232634334
1974-09-28,0.3767649973
1974-10-05,-0.02326343341
1974-10-12,-0.3232634334
1974-10-19,0.4767578896
1974-10-26,0.1767223512
1974-11-02,0.1767081359
1974-11-09,0.07669392051
1974-11-16,0.7766868128
1974-11-23,-0.2233700486
1974-11-30,0.07664416676
1974-12-07,0.7766370591
1974-12-14,0.1765801976
1974-12-21,0.07656598229
1974-12-28,-0.1234411254
1975-01-04,0.1765659823
1975-01-11,-0.1234482331
1975-01-18,0.3765588746
1975-01-25,0.8765304439
1975-02-01,-0.02353352522
1975-02-08,0.2764664748
1975-02-15,-0.4235548483
1975-02-22,0.6764735825
1975-03-01,0.07642382871
1975-03-08,-0.223583279
1975-03-15,0.2764309364
1975-03-22,0.2764096134
1975-03-29,0.2763882903
1975-04-05,0.4763669673
1975-04-12,0.4763314289
1975-04-19,-0.02370410951
1975-04-26,-0.4237041095
1975-05-03,0.7763243212
1975-05-10,-0.02373254023
1975-05-17,-0.2237325402
1975-05-24,-0.02371832487
1975-05-31,0.3762816751
1975-06-07,-0.3237467556
1975-06-14,-0.5237254326
1975-06-21,0.07631010584
1975-06-28,-0.3236970018
1975-07-05,-0.4236756788
1975-07-12,-0.7236472481
1975-07-19,-1.023597494
1975-07-26,0.4764735825
1975-08-02,-0.7235619559
1975-08-09,-0.1235122022
1975-08-16,-0.4235050945
1975-08-23,-1.023476664
1975-08-30,-0.523405587
1975-09-06,0.5766299514
1975-09-13,-0.9234126947
1975-09-20,-0.5233487256
1975-09-27,0.1766868128
1975-10-04,-0.2233274025
1975-10-11,-0.02331318717
1975-10-18,0.4766868128
1975-10-25,0.2766512744
1975-11-01,0.4766299514
1975-11-08,-0.123405587
1975-11-15,-0.1233984793
1975-11-22,0.3766086284
1975-11-29,0.5765801976
1975-12-06,0.1765375516
1975-12-13,0.1765233362
1975-12-20,0.5765091209
1975-12-27,0.07646647478
1976-01-03,0.2764593671
1976-01-10,-0.02356195593
1976-01-17,0.1764380441
1976-01-24,0.07642382871
1976-01-31,0.376416721
1976-02-07,-0.1236117097
1976-02-14,0.376395398
1976-02-21,0.6763669673
1976-02-28,-0.8236827865
1976-03-06,0.376374075
1976-03-13,0.7763456442
1976-03-20,-0.5237112172
1976-03-27,1.176324321
1976-04-03,0.3762390291
1976-04-10,-0.5237894017
1976-04-17,0.1762461367
1976-04-24,0.07623192138
1976-05-01,0.1762248137
1976-05-08,-0.4237894017
1976-05-15,0.2762390291
1976-05-22,0.776217706
1976-05-29,-0.6238391554
1976-06-05,-0.5237965093
1976-06-12,0.2762390291
1976-06-19,-0.323782294
1976-06-26,-0.02376097095
1976-07-03,-0.7237609709
1976-07-10,-0.2237112172
1976-07-17,-0.6236970018
1976-07-24,-0.4236543558
1976-07-31,-0.323625925
1976-08-07,-0.423604602
1976-08-14,-1.123576171
1976-08-21,-0.02349798682
1976-08-28,-0.6234979868
1976-09-04,-0.3234553407
1976-09-11,0.2765659823
1976-09-18,-0.7234553407
1976-09-25,-0.923405587
1976-10-02,0.3766583821
1976-10-09,0.1766299514
1976-10-16,0.576615736
1976-10-23,-0.52342691
1976-10-30,-0.1233913716
1976-11-06,0.776615736
1976-11-13,0.5765588746
1976-11-20,0.07651622854
1976-11-27,0.1765091209
1976-12-04,0.3764949055
1976-12-11,0.1764664748
1976-12-18,0.5764522594
1976-12-25,0.2764096134
1977-01-01,0.2763882903
1977-01-08,-0.1236330327
1977-01-15,0.676374075
1977-01-22,0.0763243212
1977-01-29,-0.02368278648
1977-02-05,0.1763172135
1977-02-12,-0.1236970018
1977-02-19,0.07631010584
1977-02-26,0.1763029982
1977-03-05,0.4762887828
1977-03-12,0.4762532444
1977-03-19,0.476217706
1977-03-26,-0.1238178324
1977-04-02,0.4761892753
1977-04-09,0.3761537369
1977-04-16,0.07612530619
1977-04-23,0.07611819851
1977-04-30,0.5761110908
1977-05-07,0.07606844476
1977-05-14,-0.4239386629
1977-05-21,0.3760897678
1977-05-28,-0.1239386629
1977-06-04,-0.3239315552
1977-06-11,-0.1239102322
1977-06-18,-0.2239031245
1977-06-25,-0.1238889092
1977-07-02,-0.5238818015
1977-07-09,-0.4238462631
1977-07-16,-0.02381783238
1977-07-23,-0.5238178324
1977-07-30,-0.923782294
1977-08-06,-0.7237183249
1977-08-13,-0.1236685711
1977-08-20,-0.1236614634
1977-08-27,-0.02365435576
1977-09-03,-0.7236543558
1977-09-10,-0.923604602
1977-09-17,0.8764593671
1977-09-24,-1.223604602
1977-10-01,-0.5235193099
1977-10-08,0.4765162285
1977-10-15,0.5764806901
1977-10-22,-0.02356195593
1977-10-29,0.1764380441
1977-11-05,0.3764238287
1977-11-12,-0.123604602
1977-11-19,0.4764025057
1977-11-26,0.2763669673
1977-12-03,0.3763456442
1977-12-10,0.2763172135
1977-12-17,0.2762958905
1977-12-24,0.3762745674
1977-12-31,0.3762461367
1978-01-07,-0.423782294
1978-01-14,0.3762461367
1978-01-21,0.776217706
1978-01-28,0.4761608446
1978-02-04,-0.9238746938
1978-02-11,0.0761892753
1978-02-18,0.4761821676
1978-02-25,0.07614662923
1978-03-04,0.4761395215
1978-03-11,-0.1238960168
1978-03-18,0.6761110908
1978-03-25,0.4760613371
1978-04-01,-0.3239742013
1978-04-08,0.8760471217
1978-04-15,-0.02401684739
1978-04-22,-0.5240168474
1978-04-29,0.576018691
1978-05-06,-0.02402395507
1978-05-13,0.07597604493
1978-05-20,-0.3240310627
1978-05-27,0.07599026029
1978-06-03,0.4759831526
1978-06-10,-0.2240523858
1978-06-17,-0.4240381704
1978-06-24,-0.5240097397
1978-07-01,0.2760257987
1978-07-08,-0.9239955244
1978-07-15,-0.02393155524
1978-07-22,-0.8239315552
1978-07-29,-0.3238746938
1978-08-05,-0.5238533708
1978-08-12,-0.3238178324
1978-08-19,-0.4237965093
1978-08-26,-0.1237680786
1978-09-02,-0.5237609709
1978-09-09,-1.023725433
1978-09-16,-0.7236543558
1978-09-23,0.176395398
1978-09-30,0.3763811826
1978-10-07,-0.6236472481
1978-10-14,0.276395398
1978-10-21,0.576374075
1978-10-28,0.07633142888
1978-11-04,0.3763243212
1978-11-11,0.2762958905
1978-11-18,-0.02372543255
1978-11-25,0.3762745674
1978-12-02,0.2762461367
1978-12-09,0.2762248137
1978-12-16,0.2762034907
1978-12-23,-0.02381783238
1978-12-30,0.1761821676
1979-01-06,-0.02383204774
1979-01-13,0.5761679523
1979-01-20,0.8761253062
1979-01-27,0.07606133708
1979-02-03,-0.0239457706
1979-02-10,-0.4239457706
1979-02-17,0.1760826601
1979-02-24,-0.02393155524
1979-03-03,0.3760684448
1979-03-10,0.576040014
1979-03-17,-0.324002632
1979-03-24,1.576018691
1979-03-31,-0.2240950319
1979-04-07,-0.7240808165
1979-04-14,0.4759689373
1979-04-21,0.5759333989
1979-04-28,0.3758907528
1979-05-05,-0.3241376779
1979-05-12,-0.5241163549
1979-05-19,0.9759191835
1979-05-26,-0.2241518933
1979-06-02,0.2758623221
1979-06-09,-0.424159001
1979-06-16,-0.6241305703
1979-06-23,-0.02408792418
1979-06-30,0.07591207582
1979-07-07,-0.8240950319
1979-07-14,-0.4240381704
1979-07-21,-0.5240097397
1979-07-28,-0.5239742013
1979-08-04,0.1760613371
1979-08-11,-0.5239528783
1979-08-18,-0.4239173399
1979-08-25,-1.623888909
1979-09-01,-0.1237751863
1979-09-08,-0.4237680786
1979-09-15,0.1762603521
1979-09-22,-1.023753863
1979-09-29,0.8763172135
1979-10-06,-0.02374675559
1979-10-13,-0.2237467556
1979-10-20,-0.2237325402
1979-10-27,0.3762816751
1979-11-03,0.5762532444
1979-11-10,0.07621059834
1979-11-17,0.6762034907
1979-11-24,0.07615373691
1979-12-01,0.2761466292
1979-12-08,0.5761253062
1979-12-15,0.1760826601
1979-12-22,0.07606844476
1979-12-29,0.5760613371
1980-01-05,0.176018691
1980-01-12,-0.2239955244
1980-01-19,0.876018691
1980-01-26,0.07595472189
1980-02-02,-0.4240523858
1980-02-09,0.07597604493
1980-02-16,0.4759689373
1980-02-23,-0.4240666011
1980-03-01,1.07596183
1980-03-08,0.1758836451
1980-03-15,0.4758694297
1980-03-22,0.4758338914
1980-03-29,0.475798353
1980-04-05,-0.6242371854
1980-04-12,0.4758054606
1980-04-19,-0.2242300778
1980-04-26,0.2757841376
1980-05-03,0.4757628146
1980-05-10,-0.2242727238
1980-05-17,-0.02425850848
1980-05-24,-0.4242585085
1980-05-31,0.7757699222
1980-06-07,-0.4242869392
1980-06-14,-0.02425850848
1980-06-21,-0.5242585085
1980-06-28,-0.4242229701
1980-07-05,-0.02419453936
1980-07-12,-0.7241945394
1980-07-19,-1.224144786
1980-07-26,0.3759405065
1980-08-02,-1.024087924
1980-08-09,-0.2240168474
1980-08-16,-0.02400263203
1980-08-23,-0.02400263203
1980-08-30,-0.724002632
1980-09-06,-0.4239528783
1980-09-13,-0.9239244476
1980-09-20,-0.5238604785
1980-09-27,0.7761750599
1980-10-04,-0.2238818015
1980-10-11,-0.02386758613
1980-10-18,0.2761324139
1980-10-25,0.2761110908
1980-11-01,0.1760897678
1980-11-08,0.2760755524
1980-11-15,0.1760542294
1980-11-22,0.176040014
1980-11-29,0.07602579868
1980-12-06,0.276018691
1980-12-13,0.375997368
1980-12-20,0.1759689373
1980-12-27,0.3759547219
1981-01-03,0.1759262912
1981-01-10,0.1759120758
1981-01-17,0.1758978605
1981-01-24,-0.0241163549
1981-01-31,0.1758836451
1981-02-07,0.9758694297
1981-02-14,-0.524201647
1981-02-21,0.1758338914
1981-02-28,0.875819676
1981-03-07,-0.4242442931
1981-03-14,0.2757841376
1981-03-21,0.7757628146
1981-03-28,0.2757059531
1981-04-04,0.2756846301
1981-04-11,-0.02433669295
1981-04-18,0.2756633071
1981-04-25,-0.424358016
1981-05-02,0.5756704147
1981-05-09,0.07562776866
1981-05-16,-0.224379339
1981-05-23,-0.1243651237
1981-05-30,-0.02435801598
1981-06-06,-0.124358016
1981-06-13,-0.1243509083
1981-06-20,-0.7243438006
1981-06-27,-0.2242940469
1981-07-04,-0.6242798315
1981-07-11,-0.2242371854
1981-07-18,-1.12422297
1981-07-25,0.4758552144
1981-08-01,-0.724180324
1981-08-08,-0.6241305703
1981-08-15,-0.5240879242
1981-08-22,-0.9240523858
1981-08-29,0.1760115833
1981-09-05,-0.524002632
1981-09-12,-0.2239670936
1981-09-19,-0.3239528783
1981-09-26,-0.8239315552
1981-10-03,0.3761253062
1981-10-10,0.2760968755
1981-10-17,0.4760755524
1981-10-24,0.07604001404
1981-10-31,0.2760329064
1981-11-07,0.2760115833
1981-11-14,0.2759902603
1981-11-21,0.3759689373
1981-11-28,0.7759405065
1981-12-05,-0.1241163549
1981-12-12,0.1758907528
1981-12-19,0.1758765374
1981-12-26,0.5758623221
1982-01-02,-0.02418032401
1982-01-09,0.07581967599
1982-01-16,0.3758125683
1982-01-23,0.3757841376
1982-01-30,0.07575570688
1982-02-06,0.6757485992
1982-02-13,-0.8243011546
1982-02-20,-0.02424429312
1982-02-27,0.9757557069
1982-03-06,0.4756846301
1982-03-13,-0.0243509083
1982-03-20,0.0756490917
1982-03-27,0.07564198402
1982-04-03,0.07563487634
1982-04-10,0.3756277687
1982-04-17,0.1755993379
1982-04-24,0.6755851226
1982-05-01,-0.4244646312
1982-05-08,-0.2244362005
1982-05-15,0.5755780149
1982-05-22,-0.1244646312
1982-05-29,-0.02445752349
1982-06-05,-0.7244575235
1982-06-12,0.07559223026
1982-06-19,-0.1244148774
1982-06-26,-0.5244077697
1982-07-03,-0.4243722313
1982-07-10,-0.5243438006
1982-07-17,-0.02430826223
1982-07-24,-0.2243082622
1982-07-31,-0.5242940469
1982-08-07,-0.8242585085
1982-08-14,-0.524201647
1982-08-21,-0.3241661086
1982-08-28,-1.424144786
1982-09-04,0.4759547219
1982-09-11,-0.2240808165
1982-09-18,-0.8240666011
1982-09-25,-0.9240097397
1982-10-02,0.3760542294
1982-10-09,0.6760257987
1982-10-16,-0.4240239551
1982-10-23,0.2760044756
1982-10-30,0.7759831526
1982-11-06,-0.3240737088
1982-11-13,0.7759476142
1982-11-20,0.4758907528
1982-11-27,0.07585521439
1982-12-04,-0.02415189329
1982-12-11,0.5758481067
1982-12-18,0.2758054606
1982-12-25,0.0757841376
1983-01-01,0.07577702992
1983-01-08,0.4757699222
1983-01-15,0.07573438384
1983-01-22,-0.3242727238
1983-01-29,0.4757485992
1983-02-05,0.2757130608
1983-02-12,0.6756917378
1983-02-19,-0.224358016
1983-02-26,0.2756561994
1983-03-05,-0.5243651237
1983-03-12,0.1756704147
1983-03-19,1.475656199
1983-03-26,-0.2244504158
1983-04-02,0.1755637995
1983-04-09,0.7755495842
1983-04-16,0.1754927228
1983-04-23,0.2754785074
1983-04-30,0.07545718436
1983-05-07,-0.02454992332
1983-05-14,0.2754500767
1983-05-21,0.07542875365
1983-05-28,-0.124578354
1983-06-04,-0.1245712464
1983-06-11,-0.02456413867
1983-06-18,-0.6245641387
1983-06-25,-0.1245214926
1983-07-02,-0.2245143849
1983-07-09,-0.2245001696
1983-07-16,-0.8244859542
1983-07-23,-0.1244290928
1983-07-30,-1.024421985
1983-08-06,0.3756490917
1983-08-13,-1.324379339
1983-08-20,0.3757130608
1983-08-27,-0.3243153699
1983-09-03,-1.924294047
1983-09-10,-0.02415900097
1983-09-17,-0.124159001
1983-09-24,0.07584810671
1983-10-01,-0.124159001
1983-10-08,-0.1241518933
1983-10-15,0.3758552144
1983-10-22,0.07582678367
1983-10-29,0.07581967599
1983-11-05,0.4758125683
1983-11-12,0.1757770299
1983-11-19,0.07576281456
1983-11-26,0.5757557069
1983-12-03,0.07571306081
1983-12-10,0.9757059531
1983-12-17,0.4756348763
1983-12-24,0.2755993379
1983-12-31,-0.2244219851
1984-01-07,0.2755922303
1984-01-14,-0.3244290928
1984-01-21,0.07559223026
1984-01-28,0.5755851226
1984-02-04,0.1755424765
1984-02-11,0.1755282612
1984-02-18,-0.2244859542
1984-02-25,0.2755282612
1984-03-03,0.1755069381
1984-03-10,0.07549272276
1984-03-17,0.4754856151
1984-03-24,0.1754500767
1984-03-31,-0.02456413867
1984-04-07,-0.02456413867
1984-04-14,-0.02456413867
1984-04-21,-0.02456413867
1984-04-28,1.775435861
1984-05-05,-0.0246920769
1984-05-12,0.2753079231
1984-05-19,-0.4247133999
1984-05-26,-0.3246849692
1984-06-02,-0.02466364618
1984-06-09,-0.02466364618
1984-06-16,-0.2246636462
1984-06-23,-0.5246494308
1984-06-30,-0.1246138924
1984-07-07,-0.4246067847
1984-07-14,-0.424578354
1984-07-21,-0.2245499233
1984-07-28,-0.824535708
1984-08-04,-0.4244788465
1984-08-11,0.07554958419
1984-08-18,-1.024457523
1984-08-25,-1.124386447
1984-09-01,-0.4243082622
1984-09-08,-1.024279832
1984-09-15,0.6757912453
1984-09-22,-0.02425850848
1984-09-29,-0.5242585085
1984-10-06,0.2757770299
1984-10-13,0.1757557069
1984-10-20,0.5757414915
1984-10-27,-0.3243011546
1984-11-03,0.3757201685
1984-11-10,0.5756917378
1984-11-17,0.4756490917
1984-11-24,0.5756135533
1984-12-01,-0.1244290928
1984-12-08,0.2755780149
1984-12-15,0.2755566919
1984-12-22,0.2755353688
1984-12-29,-0.0244859542
1985-01-05,0.1755140458
1985-01-12,0.2754998304
1985-01-19,-0.0245214926
1985-01-26,-0.0245214926
1985-02-02,0.8754785074
1985-02-09,-0.4245854617
1985-02-16,0.275442969
1985-02-23,0.475421646
1985-03-02,0.3753861076
1985-03-09,0.3753576769
1985-03-16,0.3753292461
1985-03-23,0.1753008154
1985-03-30,0.4752866001
1985-04-06,-0.2247489383
1985-04-13,-0.02473472297
1985-04-20,0.475265277
1985-04-27,0.2752297386
1985-05-04,-0.0247915844
1985-05-11,0.4752084156
1985-05-18,-0.2248271228
1985-05-25,-1.024812907
1985-06-01,0.8752581694
1985-06-08,-0.6248057998
1985-06-15,-0.2247631537
1985-06-22,-0.3247489383
1985-06-29,-0.5247276153
1985-07-06,-0.5246920769
1985-07-13,-0.1246565385
1985-07-20,-0.4246494308
1985-07-27,-0.7246210001
1985-08-03,-0.02457124635
1985-08-10,-1.024571246
1985-08-17,-0.2245001696
1985-08-24,-0.2244859542
1985-08-31,-0.6244717388
1985-09-07,0.4755709072
1985-09-14,-0.9244646312
1985-09-21,-0.9244006621
1985-09-28,-0.3243366929
1985-10-05,0.2756846301
1985-10-12,0.07566330705
1985-10-19,0.5756561994
1985-10-26,0.0756135533
1985-11-02,0.07560644562
1985-11-09,0.3755993379
1985-11-16,0.4755709072
1985-11-23,0.3755353688
1985-11-30,0.6755069381
1985-12-07,-0.02454281564
1985-12-14,0.2754571844
1985-12-21,-0.5245641387
1985-12-28,1.1754714
1986-01-04,0.07538610757
1986-01-11,-0.4246210001
1986-01-18,0.1754074306
1986-01-25,0.1753932153
1986-02-01,-0.2246210001
1986-02-08,0.5753932153
1986-02-15,0.2753505692
1986-02-22,0.07532924614
1986-03-01,-0.2246778615
1986-03-08,-0.4246636462
1986-03-15,0.5753647845
1986-03-22,1.875322138
1986-03-29,-0.3248129074
1986-04-05,0.3752084156
1986-04-12,0.1751799849
1986-04-19,-0.1248342305
1986-04-26,0.8751728772
1986-05-03,-0.3248910919
1986-05-10,0.1751302311
1986-05-17,0.07511601577
1986-05-24,-0.1248910919
1986-05-31,-0.02488398423
1986-06-07,-0.4248839842
1986-06-14,-0.2248555535
1986-06-21,-0.1248413382
1986-06-28,-0.5248342305
1986-07-05,-0.3247986921
1986-07-12,-0.924777369
1986-07-19,-0.1247133999
1986-07-26,-0.2247062923
1986-08-02,-0.8246920769
1986-08-09,-0.4246352155
1986-08-16,-0.7246067847
1986-08-23,0.07544296901
1986-08-30,-0.4245641387
1986-09-06,-0.224535708
1986-09-13,0.2754785074
1986-09-20,-0.9245428156
1986-09-27,0.07552115347
1986-10-04,-0.6244859542
1986-10-11,0.1755566919
1986-10-18,-0.2244575235
1986-10-25,0.5755566919
1986-11-01,0.5755140458
1986-11-08,0.1754713997
1986-11-15,0.2754571844
1986-11-22,0.07543586133
1986-11-29,0.6754287536
1986-12-06,0.4753789999
1986-12-13,-0.2246565385
1986-12-20,0.1753576769
1986-12-27,0.0753434615
1987-01-03,0.5753363538
1987-01-10,0.6752937077
1987-01-17,-0.124756046
1987-01-24,-0.3247489383
1987-01-31,0.07527238471
1987-02-07,-0.124734723
1987-02-14,0.2752723847
1987-02-21,0.2752510617
1987-02-28,0.8752297386
1987-03-07,-0.6248342305
1987-03-14,0.3752084156
1987-03-21,0.4751799849
1987-03-28,0.4751444465
1987-04-04,0.5751089081
1987-04-11,-0.624933738
1987-04-18,0.8751089081
1987-04-25,0.175044939
1987-05-02,0.07503072362
1987-05-09,0.5750236159
1987-05-16,-0.3250190301
1987-05-23,0.1750022929
1987-05-30,-0.2250119225
1987-06-06,-0.1249977071
1987-06-13,-0.5249905994
1987-06-20,-0.124955061
1987-06-27,-0.1249479533
1987-07-04,-1.224940846
1987-07-11,0.07514444649
1987-07-18,-1.024862661
1987-07-25,0.6752084156
1987-08-01,-0.5248413382
1987-08-08,-0.9248057998
1987-08-15,0.4752581694
1987-08-22,-0.624777369
1987-08-29,-1.324734723
1987-09-05,0.2753576769
1987-09-12,-0.4246636462
1987-09-19,-0.4246352155
1987-09-26,-0.4246067847
1987-10-03,-0.124578354
1987-10-10,0.5754287536
1987-10-17,0.1753861076
1987-10-24,0.2753718922
1987-10-31,0.07535056918
1987-11-07,0.3753434615
1987-11-14,0.2753150308
1987-11-21,0.4752937077
1987-11-28,0.5752581694
1987-12-05,-0.1247844767
1987-12-12,0.175222631
1987-12-19,0.2752084156
1987-12-26,0.07518709256
1988-01-02,0.4751799849
1988-01-09,0.4751444465
1988-01-16,-0.02489109191
1988-01-23,0.4751089081
1988-01-30,0.4750733697
1988-02-06,0.5750378313
1988-02-13,-0.5250048148
1988-02-20,0.1750307236
1988-02-27,0.9750165083
1988-03-05,0.2749454315
1988-03-12,-1.025075892
1988-03-19,-0.1250048148
1988-03-26,0.4750022929
1988-04-02,0.8749667545
1988-04-09,0.3749027854
1988-04-16,-0.4251256453
1988-04-23,0.8749027854
1988-04-30,0.1748388163
1988-05-07,-0.5251753991
1988-05-14,0.5748601393
1988-05-21,0.1748174933
1988-05-28,-0.3251967221
1988-06-04,-0.1251753991
1988-06-11,0.07483170861
1988-06-18,-0.6251753991
1988-06-25,-0.525132753
1988-07-02,-0.1250972146
1988-07-09,-0.5250901069
1988-07-16,0.07494543147
1988-07-23,-0.7250616762
1988-07-30,-0.8250119225
1988-08-06,-0.224955061
1988-08-13,-0.6249408457
1988-08-20,0.07510180041
1988-08-27,-0.8249053073
1988-09-03,-0.3248484458
1988-09-10,-0.6248271228
1988-09-17,0.1752155233
1988-09-24,-0.8247986921
1988-10-01,0.6752581694
1988-10-08,-0.0247915844
1988-10-15,-0.2247915844
1988-10-22,0.775222631
1988-10-29,-0.2248342305
1988-11-05,0.4751799849
1988-11-12,0.07514444649
1988-11-19,0.2751373388
1988-11-26,0.2751160158
1988-12-03,0.07509469273
1988-12-10,0.4750875851
1988-12-17,0.5750520467
1988-12-24,-0.3249905994
1988-12-31,1.075030724
1989-01-07,0.2749525392
1989-01-14,0.1749312161
1989-01-21,-0.4250829992
1989-01-28,0.4749454315
1989-02-04,-0.2250901069
1989-02-11,-0.2250758916
1989-02-18,0.5749383238
1989-02-25,0.1748956777
1989-03-04,-0.3251185376
1989-03-11,0.2749027854
1989-03-18,0.07488146236
1989-03-25,0.8748743547
1989-04-01,0.07481038557
1989-04-08,0.4748032779
1989-04-15,0.3747677395
1989-04-22,0.5747393088
1989-04-29,-0.1253033373
1989-05-06,-0.6252962296
1989-05-13,0.4747464165
1989-05-20,-0.2252891219
1989-05-27,0.07472509342
1989-06-03,0.07471798575
1989-06-10,-0.8252891219
1989-06-17,-0.2252322605
1989-06-24,0.07478195486
1989-07-01,-0.4252251528
1989-07-08,0.1748032779
1989-07-15,-0.9252109375
1989-07-22,-0.7251469684
1989-07-29,0.0749027854
1989-08-05,-0.6251043223
1989-08-12,-0.4250616762
1989-08-19,-1.125033245
1989-08-26,-0.724955061
1989-09-02,0.2750946927
1989-09-09,-0.5249266303
1989-09-16,-0.8248910919
1989-09-23,-0.1248342305
1989-09-30,0.3751728772
1989-10-07,0.1751444465
1989-10-14,-0.2248697689
1989-10-21,0.4751444465
1989-10-28,0.1751089081
1989-11-04,0.1750946927
1989-11-11,0.5750804774
1989-11-18,0.3750378313
1989-11-25,-0.2249905994
1989-12-02,0.5750236159
1989-12-09,0.07498096987
1989-12-16,0.2749738622
1989-12-23,0.07495253915
1989-12-30,0.8749454315
1990-01-06,-0.02511853764
1990-01-13,0.07488146236
1990-01-20,0.2748743547
1990-01-27,0.07485303165
1990-02-03,0.174845924
1990-02-10,0.8748317086
1990-02-17,-0.2252322605
1990-02-24,-0.1252180451
1990-03-03,0.9747890625
1990-03-10,-0.8252820143
1990-03-17,0.8747748472
1990-03-24,-0.7252891219
1990-03-31,0.7747606318
1990-04-07,0.1747037704
1990-04-14,-0.225310445
1990-04-21,0.6747037704
1990-04-28,-0.5253459834
1990-05-05,1.174689555
1990-05-12,-0.3253957371
1990-05-19,-0.1253744141
1990-05-26,0.1746326936
1990-06-02,-0.1253815218
1990-06-09,-0.4253744141
1990-06-16,-1.025345983
1990-06-23,-0.1252749066
1990-06-30,0.1747322011
1990-07-07,-0.2252820143
1990-07-14,-1.525267799
1990-07-21,0.4748388163
1990-07-28,0.1748032779
1990-08-04,-1.225210937
1990-08-11,-0.3251256453
1990-08-18,-0.3251043223
1990-08-25,-0.9250829992
1990-09-01,-1.12501903
1990-09-08,-0.2249408457
1990-09-15,0.5750733697
1990-09-22,-0.4249692764
1990-09-29,-0.02494084566
1990-10-06,0.1750591543
1990-10-13,-0.124955061
1990-10-20,0.3750520467
1990-10-27,-0.02497638406
1990-11-03,0.6750236159
1990-11-10,0.4749738622
1990-11-17,0.3749383238
1990-11-24,0.07490989308
1990-12-01,0.4749027854
1990-12-08,0.374867247
1990-12-15,-0.2251611837
1990-12-22,0.6748530316
1990-12-29,0.2748032779
1991-01-05,-0.6252180451
1991-01-12,0.4748246009
1991-01-19,0.07478906254
1991-01-26,0.1747819549
1991-02-02,0.1747677395
1991-02-09,-0.02524647586
1991-02-16,1.174753524
1991-02-23,-0.625331768
1991-03-02,0.5747108781
1991-03-09,0.774668232
1991-03-16,0.3746113706
1991-03-23,-0.7254170602
1991-03-30,0.9746326936
1991-04-06,0.3745616168
1991-04-13,-0.5254668139
1991-04-20,1.274568724
1991-04-27,0.07447632466
1991-05-04,-0.125530783
1991-05-11,-0.2255236753
1991-05-18,1.07449054
1991-05-25,-1.025587644
1991-06-01,-0.5255165677
1991-06-08,-0.1254810293
1991-06-15,-0.2254739216
1991-06-22,-0.1254597062
1991-06-29,-0.4254525986
1991-07-06,-0.5254241678
1991-07-13,-0.7253886294
1991-07-20,-1.325338876
1991-07-27,0.07475352414
1991-08-03,-0.5252535835
1991-08-10,-0.2252180451
1991-08-17,-0.9252038298
1991-08-24,-0.7251398607
1991-08-31,0.1749098931
1991-09-07,-0.2251043223
1991-09-14,-0.9250901069
1991-09-21,-0.3250261378
1991-09-28,-0.2250048148
1991-10-05,0.07500940059
1991-10-12,0.3750022929
1991-10-19,0.3749738622
1991-10-26,0.1749454315
1991-11-02,0.6749312161
1991-11-09,0.2748814624
1991-11-16,-0.2251398607
1991-11-23,0.2748743547
1991-11-30,0.4748530316
1991-12-07,0.1748174933
1991-12-14,0.3748032779
1991-12-21,0.2747748472
1991-12-28,0.2747535241
1992-01-04,0.0747322011
1992-01-11,0.3747250934
1992-01-18,0.07469666271
1992-01-25,-0.225310445
1992-02-01,0.07470377039
1992-02-08,0.6746966627
1992-02-15,0.574646909
1992-02-22,-0.4253957371
1992-02-29,-0.4253673064
1992-03-07,0.7746611243
1992-03-14,0.4746042629
1992-03-21,0.2745687245
1992-03-28,0.2745474014
1992-04-04,0.07452607841
1992-04-11,0.3745189707
1992-04-18,0.77449054
1992-04-25,-0.5255663214
1992-05-02,0.374469217
1992-05-09,0.07444078626
1992-05-16,-1.125566321
1992-05-23,0.9745118631
1992-05-30,0.5744407863
1992-06-06,-0.2256018598
1992-06-13,-0.6255876445
1992-06-20,-0.7255449984
1992-06-27,-0.3254952446
1992-07-04,-0.02547392159
1992-07-11,-1.225473922
1992-07-18,-0.9253886294
1992-07-25,-0.2253246603
1992-08-01,-1.225310445
1992-08-08,0.3747748472
1992-08-15,-0.02525358354
1992-08-22,-0.8252535835
1992-08-29,-0.2251967221
1992-09-05,-0.8251825067
1992-09-12,0.07487435468
1992-09-19,-1.325132753
1992-09-26,0.3749596468
1992-10-03,0.8749312161
1992-10-10,-0.325132753
1992-10-17,-0.12511143
1992-10-24,0.2748956777
1992-10-31,-0.02512564532
1992-11-07,0.3748743547
1992-11-14,-0.125154076
1992-11-21,0.6748530316
1992-11-28,0.07480327789
1992-12-05,0.1747961702
1992-12-12,0.4747819549
1992-12-19,0.07474641646
1992-12-26,0.4747393088
1993-01-02,0.2747037704
1993-01-09,0.6746824474
1993-01-16,-0.2253673064
1993-01-23,-0.125353091
1993-01-30,0.3746540166
1993-02-06,-0.4253744141
1993-02-13,0.5746540166
1993-02-20,0.07461137056
1993-02-27,0.2746042629
1993-03-06,0.6745829398
1993-03-13,0.1745331861
1993-03-20,-0.4254810293
1993-03-27,0.6745474014
1993-04-03,0.2744976477
1993-04-10,-0.3255236753
1993-04-17,0.5744976477
1993-04-24,0.5744550016
1993-05-01,-0.4255876445
1993-05-08,0.07444078626
1993-05-15,0.9744336786
1993-05-22,-0.1256373982
1993-05-29,-0.3256302905
1993-06-05,-0.6256089675
1993-06-12,0.1744336786
1993-06-19,-0.6255805368
1993-06-26,-0.2255378907
1993-07-03,-1.225523675
1993-07-10,0.07456161681
1993-07-17,0.07455450913
1993-07-24,-1.525452599
1993-07-31,-0.1253459834
1993-08-07,-0.7253388757
1993-08-14,0.07471087807
1993-08-21,-1.02529623
1993-08-28,-0.2252251528
1993-09-04,-0.4252109375
1993-09-11,-1.125182507
1993-09-18,0.5748956777
1993-09-25,-0.02514696835
1993-10-02,-0.02514696835
1993-10-09,-0.02514696835
1993-10-16,0.1748530316
1993-10-23,0.3748388163
1993-10-30,-0.1251896144
1993-11-06,0.3748174933
1993-11-13,0.3747890625
1993-11-20,0.4747606318
1993-11-27,0.3747250934
1993-12-04,0.1746966627
1993-12-11,0.2746824474
1993-12-18,0.3746611243
1993-12-25,0.5746326936
1994-01-01,0.5745900475
1994-01-08,-0.02545259855
1994-01-15,0.2745474014
1994-01-22,-0.1254739216
1994-01-29,0.3745331861
1994-02-05,-0.3254952446
1994-02-12,0.1745260784
1994-02-19,0.3745118631
1994-02-26,0.5744834323
1994-03-05,-0.9255592137
1994-03-12,1.074504755
1994-03-19,0.5744265709
1994-03-26,0.3743839248
1994-04-02,-0.2256445059
1994-04-09,0.3743697095
1994-04-16,-0.02565872124
1994-04-23,0.2743412788
1994-04-30,0.8743199557
1994-05-07,-0.6257440134
1994-05-14,-0.2257013673
1994-05-21,0.274312848
1994-05-28,0.174291525
1994-06-04,-0.9257226904
1994-06-11,-0.02565872124
1994-06-18,-0.1256587212
1994-06-25,-0.2256516136
1994-07-02,-0.5256373982
1994-07-09,-0.3256018598
1994-07-16,-0.5255805368
1994-07-23,-0.4255449984
1994-07-30,-0.2255165677
1994-08-06,-0.7255023523
1994-08-13,-0.6254525986
1994-08-20,0.07459004752
1994-08-27,-1.32541706
1994-09-03,0.07467533967
1994-09-10,-0.02533176801
1994-09-17,-1.025331768
1994-09-24,0.07473930878
1994-10-01,-0.1252677989
1994-10-08,0.3747393088
1994-10-15,0.1747108781
1994-10-22,0.2746966627
1994-10-29,0.2746753397
1994-11-05,0.2746540166
1994-11-12,0.4746326936
1994-11-19,0.4745971552
1994-11-26,0.1745616168
1994-12-03,0.2745474014
1994-12-10,0.6745260784
1994-12-17,0.07447632466
1994-12-24,-0.125530783
1994-12-31,0.3744763247
1995-01-07,0.07444789394
1995-01-14,0.5744407863
1995-01-21,-0.1256018598
1995-01-28,-0.1255947521
1995-02-04,0.5744123555
1995-02-11,0.3743697095
1995-02-18,-0.2256587212
1995-02-25,0.4743554941
1995-03-04,0.8743199557
1995-03-11,-1.025744013
1995-03-18,-0.3256729366
1995-03-25,1.074348386
1995-04-01,1.774270202
1995-04-08,-0.4258577363
1995-04-15,-0.1258293055
1995-04-22,-0.5258221979
1995-04-29,0.6742133405
1995-05-06,-0.3258364132
1995-05-13,0.8741849098
1995-05-20,-0.02587905929
1995-05-27,-0.7258790593
1995-06-03,0.4741706945
1995-06-10,-0.5258648439
1995-06-17,-0.5258293055
1995-06-24,-0.1257937671
1995-07-01,-0.3257866595
1995-07-08,-0.3257653364
1995-07-15,-0.3257440134
1995-07-22,-0.4257226904
1995-07-29,-0.6256942596
1995-08-05,-0.5256516136
1995-08-12,-1.225616075
1995-08-19,-0.525530783
1995-08-26,0.4745047554
1995-09-02,-1.925530783
1995-09-09,1.174604263
1995-09-16,-0.02548102927
1995-09-23,-0.3254810293
1995-09-30,-0.7254597062
1995-10-07,0.07459004752
1995-10-14,-0.02541706016
1995-10-21,0.3745829398
1995-10-28,0.1745545091
1995-11-04,0.8745402938
1995-11-11,0.2744763247
1995-11-18,0.1744550016
1995-11-25,0.1744407863
1995-12-02,0.2744265709
1995-12-09,0.2744052479
1995-12-16,0.07438392483
1995-12-23,0.2743768172
1995-12-30,0.8743554941
1996-01-06,0.074291525
1996-01-13,0.1742844173
1996-01-20,0.07427020197
1996-01-27,0.07426309429
1996-02-03,0.3742559866
1996-02-10,0.4742275559
1996-02-17,-0.1258079825
1996-02-24,0.9741991252
1996-03-02,-0.2258719516
1996-03-09,-0.2258577363
1996-03-16,0.4741564791
1996-03-23,0.3741209407
1996-03-30,-0.22590749
1996-04-06,0.1741067254
1996-04-13,0.27409251
1996-04-20,-0.425928813
1996-04-27,0.6740996177
1996-05-04,-0.2259501361
1996-05-11,0.3740640793
1996-05-18,0.3740356486
1996-05-25,-0.3259927822
1996-06-01,-0.6259714591
1996-06-08,0.274071187
1996-06-15,0.07404986392
1996-06-22,-0.2259572438
1996-06-29,-0.7259430284
1996-07-06,-0.2258932746
1996-07-13,-0.4258790593
1996-07-20,-0.4258506286
1996-07-27,-0.5258221979
1996-08-03,-1.125786659
1996-08-10,0.374291525
1996-08-17,-0.9257369057
1996-08-24,-0.4256729366
1996-08-31,-0.02564450588
1996-09-07,-1.025644506
1996-09-14,-0.02557342909
1996-09-21,-0.8255734291
1996-09-28,-0.02551656766
1996-10-05,0.3744834323
1996-10-12,0.07445500162
1996-10-19,0.2744478939
1996-10-26,-0.02557342909
1996-11-02,0.07442657091
1996-11-09,0.5744194632
1996-11-16,0.1743768172
1996-11-23,0.4743626018
1996-11-30,0.1743270634
1996-12-07,0.474312848
1996-12-14,0.6742773096
1996-12-21,-0.2257724441
1996-12-28,0.1742417713
1997-01-04,0.2742275559
1997-01-11,0.07420623286
1997-01-18,0.07419912518
1997-01-25,0.3741920175
1997-02-01,-0.3258364132
1997-02-08,0.8741849098
1997-02-15,-0.1258790593
1997-02-22,0.1741280484
1997-03-01,0.274113833
1997-03-08,-0.42590749
1997-03-15,-0.02587905929
1997-03-22,0.5741209407
1997-03-29,0.6740782946
1997-04-05,0.3740285409
1997-04-12,0.3740001102
1997-04-19,0.3739716794
1997-04-26,0.07394324873
1997-05-03,-0.02606385895
1997-05-10,0.07393614105
1997-05-17,0.1739290334
1997-05-24,-0.426085182
1997-05-31,-0.3260567513
1997-06-07,-0.6260354282
1997-06-14,-0.1259927822
1997-06-21,-0.1259856745
1997-06-28,-0.4259785668
1997-07-05,-0.1259501361
1997-07-12,-0.4259430284
1997-07-19,-0.5259145977
1997-07-26,-0.3258790593
1997-08-02,-0.5258577363
1997-08-09,-0.02582219786
1997-08-16,-0.7258221979
1997-08-23,-1.125772444
1997-08-30,0.07430574036
1997-09-06,-1.025701367
1997-09-13,-0.4256302905
1997-09-20,-0.2256018598
1997-09-27,-0.2255876445
1997-10-04,0.6744265709
1997-10-11,-0.1256231828
1997-10-18,0.5743839248
1997-10-25,0.07434127876
1997-11-01,0.5743341711
1997-11-08,0.374291525
1997-11-15,-0.1257369057
1997-11-22,0.574270202
1997-11-29,0.8742275559
1997-12-06,0.3741635868
1997-12-13,-0.02586484393
1997-12-20,0.2741351561
1997-12-27,0.774113833
1998-01-03,0.1740569716
1998-01-10,0.07404275624
1998-01-17,-0.02596435144
1998-01-24,-0.02596435144
1998-01-31,0.2740356486
1998-02-07,0.3740143255
1998-02-14,-0.5260141052
1998-02-21,0.4740214332
1998-02-28,1.273985895
1998-03-07,-0.326106505
1998-03-14,-0.426085182
1998-03-21,0.7739432487
1998-03-28,1.073886387
1998-04-04,0.07380820283
1998-04-11,-0.02619890485
1998-04-18,-0.6261989048
1998-04-25,0.8738437412
1998-05-02,0.1737797721
1998-05-09,-0.3262344432
1998-05-16,-0.3262131202
1998-05-23,1.073808203
1998-05-30,0.07373001836
1998-06-06,-0.3262770893
1998-06-13,-0.6262557663
1998-06-20,-0.3262131202
1998-06-27,-0.2261917972
1998-07-04,-0.3261775818
1998-07-11,-0.5261562588
1998-07-18,0.07387927962
1998-07-25,-0.3261278281
1998-08-01,-0.526106505
1998-08-08,-0.4260709666
1998-08-15,-0.8260425359
1998-08-22,-0.02598567448
1998-08-29,-1.425985674
1998-09-05,0.474113833
1998-09-12,-0.8259217054
1998-09-19,-0.4258648439
1998-09-26,0.07416358678
1998-10-03,0.3741564791
1998-10-10,0.07412804839
1998-10-17,0.2741209407
1998-10-24,-0.02590038233
1998-10-31,0.2740996177
1998-11-07,0.2740782946
1998-11-14,0.3740569716
1998-11-21,0.3740285409
1998-11-28,0.1740001102
1998-12-05,0.3739858948
1998-12-12,0.2739574641
1998-12-19,0.5739361411
1998-12-26,-0.02610650502
1999-01-02,0.173893495
1999-01-09,0.2738792796
1999-01-16,-0.02614204341
1999-01-23,0.4738579566
1999-01-30,0.8738224182
1999-02-06,-0.1262415509
1999-02-13,-0.3262344432
1999-02-20,0.1737868798
1999-02-27,-0.5262273356
1999-03-06,-0.4261917972
1999-03-13,1.373836634
1999-03-20,0.673737126
1999-03-27,0.3736873723
1999-04-03,0.4736589416
1999-04-10,0.3736234032
1999-04-17,-0.5264050275
1999-04-24,-0.7263694891
1999-05-01,0.4736802646
1999-05-08,0.4736447262
1999-05-15,-0.3263908122
1999-05-22,-0.2263694891
1999-05-29,-0.5263552738
1999-06-05,0.5736802646
1999-06-12,-0.6263623815
1999-06-19,-0.4263197354
1999-06-26,-0.02629130467
1999-07-03,-0.5262913047
1999-07-10,0.6737442337
1999-07-17,-0.62630552
1999-07-24,-0.926262874
1999-07-31,-1.226198905
1999-08-07,0.1738863873
1999-08-14,-0.9261278281
1999-08-21,-0.3260638589
1999-08-28,-0.3260425359
1999-09-04,-2.026021213
1999-09-11,0.5741209407
1999-09-18,0.4740782946
1999-09-25,-0.5259572438
1999-10-02,-0.2259217054
1999-10-09,0.47409251
1999-10-16,-0.1259430284
1999-10-23,0.6740640793
1999-10-30,0.07401432552
1999-11-06,0.4740072178
1999-11-13,0.4739716794
1999-11-20,-0.1260638589
1999-11-27,0.4739432487
1999-12-04,0.2739077103
1999-12-11,0.5738863873
1999-12-18,-0.02615625877
1999-12-25,0.1738437412
2000-01-01,0.3738295259
2000-01-08,-0.1261989048
2000-01-15,0.4738082028
2000-01-22,0.7737726644
2000-01-29,-0.626284197
2000-02-05,-0.1262415509
2000-02-12,0.4737655568
2000-02-19,-0.3262699816
2000-02-26,0.1737513414
2000-03-04,0.473737126
2000-03-11,-0.02629841235
2000-03-18,0.8737015876
2000-03-25,-0.2263623815
2000-04-01,0.1736518339
2000-04-08,0.7736376185
2000-04-15,0.0735807571
2000-04-22,0.1735736494
2000-04-29,-0.7264405659
2000-05-06,-0.1263908122
2000-05-13,0.4736162955
2000-05-20,0.1735807571
2000-05-27,-0.1264334583
2000-06-03,0.07357364942
2000-06-10,-0.3264334583
2000-06-17,0.07358786478
2000-06-24,-0.4264192429
2000-07-01,-0.5263908122
2000-07-08,-0.8263552738
2000-07-15,0.1737015876
2000-07-22,-0.5263126277
2000-07-29,-0.7262770893
2000-08-05,-0.3262273356
2000-08-12,-0.4262060125
2000-08-19,-0.6261775818
2000-08-26,-0.6261349357
2000-09-02,0.07390771034
2000-09-09,-0.5260993973
2000-09-16,-0.5260638589
2000-09-23,-0.02602832055
2000-09-30,0.1739716794
2000-10-07,-0.1260425359
2000-10-14,0.2739645718
2000-10-21,0.07394324873
2000-10-28,0.5739361411
2000-11-04,0.273893495
2000-11-11,0.3738721719
2000-11-18,0.5738437412
2000-11-25,-0.3261989048
2000-12-02,0.6738224182
2000-12-09,0.5737726644
2000-12-16,-0.3262699816
2000-12-23,0.1737513414
2000-12-30,0.273737126
2001-01-06,-0.026284197
2001-01-13,0.373715803
2001-01-20,-0.3263126277
2001-01-27,0.8737086953
2001-02-03,0.4736447262
2001-02-10,-0.2263908122
2001-02-17,0.5736234032
2001-02-24,-0.5264192429
2001-03-03,0.9736162955
2001-03-10,-0.02645478129
2001-03-17,-0.1264547813
2001-03-24,-0.3264476736
2001-03-31,0.1735736494
2001-04-07,0.6735594341
2001-04-14,-0.02649031969
2001-04-21,0.2735096803
2001-04-28,-0.3265116427
2001-05-05,0.9735096803
2001-05-12,0.1734386035
2001-05-19,-0.2265756118
2001-05-26,0.1734386035
2001-06-02,-0.1265756118
2001-06-09,-0.7265685042
2001-06-16,-0.3265187504
2001-06-23,0.07350257263
2001-06-30,-0.226504535
2001-07-07,-0.6264903197
2001-07-14,-0.8264476736
2001-07-21,-0.1263908122
2001-07-28,-0.6263837045
2001-08-04,-0.7263410584
2001-08-11,-0.4262913047
2001-08-18,-0.226262874
2001-08-25,-0.3262486586
2001-09-01,-0.6262273356
2001-09-08,-0.2261846895
2001-09-15,-0.2261704741
2001-09-22,-0.6261562588
2001-09-29,-0.0261136127
2001-10-06,0.3738863873
2001-10-13,-0.2261420434
2001-10-20,0.4738721719
2001-10-27,0.5738366335
2001-11-03,-0.02620601253
2001-11-10,0.07379398747
2001-11-17,0.8737868798
2001-11-24,0.5737229107
2001-12-01,-0.02631973539
2001-12-08,0.4736802646
2001-12-15,0.3736447262
2001-12-22,0.0736162955
2001-12-29,0.1736091878
