t,v1,v2,v3,v4,v5,v6
1,-0.051010,0.053246,-0.209128,0.056576,-0.107873,0.041861
2,0.193859,-0.220556,0.000605,0.026380,-0.152998,0.064202
3,0.072105,0.093160,-0.071037,-0.033542,0.002435,0.106784
4,-0.081862,0.009994,-0.086106,-0.293209,-0.284607,0.025379
5,-0.054956,-0.128828,-0.162206,0.042497,-0.462149,-0.040791
6,-0.040690,-0.181664,-0.133766,-0.199651,-0.214595,-0.038234
7,-0.450389,-0.168272,-0.483814,-0.367705,-0.518106,-0.052578
8,-0.223240,-0.207898,-0.222958,-0.395740,-0.563518,-0.264751
9,-0.358277,-0.481162,-0.570313,-0.438666,-0.489260,-0.278128
10,-0.291880,-0.542257,-0.199391,-0.331926,-0.227153,-0.120237
11,-0.549627,-0.570272,-0.099102,-0.460905,-0.247022,-0.561380
12,-0.348575,-0.299558,-0.092977,-0.375774,-0.245848,-0.674352
13,-0.305811,-0.435887,-0.241176,-0.296426,0.043675,-0.589320
14,-0.138877,-0.309331,-0.563215,-0.185443,-0.362824,-0.390583
15,-0.128901,-0.466242,-0.484257,-0.355012,-0.559841,-0.324732
16,-0.484758,-0.406155,-0.593664,-0.950840,-0.814551,-0.849329
17,-0.812633,-0.639374,-0.577045,-0.949682,-0.728943,-0.914565
18,-0.750806,-0.832860,-0.702095,-0.812090,-0.719993,-0.746371
19,-0.499982,-0.661577,-0.853439,-0.899361,-1.221534,-0.819296
20,-0.682211,-0.762166,-0.846753,-0.784716,-1.114472,-0.526881
21,-0.754183,-0.843365,-0.643202,-0.574536,-0.968539,-0.489444
22,-0.581465,-0.476547,-0.843854,-0.758456,-0.840750,-0.922655
23,-0.788261,-0.784641,-0.508281,-0.623578,-0.592762,-0.604104
24,-0.386954,-0.756691,-0.871442,-0.553930,-0.595036,-0.469416
25,-0.610646,-0.770124,-0.601356,-0.565467,-0.413029,-0.549707
26,-0.958312,-0.406758,-0.780469,-0.630216,-0.783634,-0.561279
27,-0.468340,-0.557673,-0.615485,-0.607213,-0.700797,-0.541229
28,-0.483534,-0.528509,-0.625270,-0.646091,-0.725141,-0.416135
29,-0.687442,-0.390846,-0.524910,-0.635885,-0.464827,-0.462323
30,-0.324696,-0.486417,-0.427773,-0.595126,-0.715680,-0.536166
31,-0.309347,-0.433765,-0.393484,-0.398933,-0.519424,-0.543115
32,-0.469570,-0.262925,-0.705059,-0.298918,-0.175487,-0.200662
33,-0.247402,-0.302600,-0.599966,-0.235767,-0.458788,-0.322659
34,-0.480982,-0.284723,-0.319627,-0.284315,-0.188767,-0.147937
35,-0.143138,-0.318519,-0.255876,-0.048791,0.021210,-0.183788
36,-0.183242,-0.182730,-0.218779,-0.183369,-0.240748,-0.067373
37,-0.444172,-0.016074,0.020692,-0.360466,-0.168738,-0.020588
38,-0.332731,-0.087700,0.152412,-0.084317,-0.308139,-0.201755
39,-0.240675,-0.049210,0.162912,0.091198,0.159693,-0.201165
40,0.057931,-0.179815,-0.151301,0.090958,-0.001331,0.080826
41,-0.159231,-0.104304,-0.000700,-0.239790,-0.022307,-0.142873
42,0.123285,-0.178890,-0.152257,0.028984,-0.225100,0.257764
43,-0.141586,-0.081327,-0.119922,-0.040903,-0.189502,-0.043792
44,-0.082762,0.009654,0.047032,-0.129806,-0.326785,-0.142690
45,-0.212899,-0.036947,-0.383559,-0.197464,-0.316741,-0.102820
46,-0.455106,-0.157614,0.010151,-0.344697,-0.063641,-0.379756
47,-0.176330,-0.177092,-0.338166,-0.366795,-0.183158,-0.451814
48,-0.270234,-0.217466,-0.145835,-0.284058,-0.381653,-0.254070
49,-0.150038,-0.182902,-0.415298,-0.210820,-0.230648,-0.126649
50,-0.217489,-0.386129,-0.202804,-0.019678,-0.318407,-0.086090
51,0.073910,-0.076439,-0.205703,0.097942,-0.115193,-0.159028
52,0.122519,0.091114,0.021693,0.335004,0.030227,-0.045621
53,0.244216,0.198196,-0.059715,0.029868,0.067495,0.065096
54,0.199729,0.108224,0.486037,0.319729,0.310987,0.131806
55,0.585837,0.115965,0.386331,0.373903,0.111729,0.324837
56,0.163145,0.278982,0.416267,0.425611,0.174958,0.371699
57,0.406805,0.437293,0.254451,0.457487,0.483604,0.537155
58,0.118589,0.410387,0.337078,0.508868,0.282628,0.652893
59,0.304251,0.233436,0.414763,0.420798,0.520448,0.523213
60,0.200825,0.070598,0.073397,0.197204,0.122668,0.302836
61,-0.071738,0.260890,0.219803,0.080314,-0.024047,0.191816
62,-0.221493,0.369833,0.188012,0.127024,0.134697,0.102654
63,0.200915,0.036363,-0.084349,0.057440,0.167962,0.168286
64,0.085222,0.053407,-0.086831,0.080766,-0.251326,0.106278
65,0.010071,-0.026059,0.185325,0.055448,0.094925,-0.023277
66,0.358001,0.055367,0.119719,0.077312,-0.304161,0.134799
67,0.166660,0.167872,-0.064094,-0.020414,-0.044464,0.256402
68,0.096311,-0.080891,-0.068673,-0.012022,-0.060964,0.306791
69,0.226172,0.052267,0.125161,-0.110966,0.066170,-0.025998
70,0.074772,-0.064585,0.281933,-0.049907,-0.029001,-0.085953
71,-0.210627,0.082458,0.054708,0.027157,0.266513,-0.097715
72,-0.177262,0.057500,0.057558,-0.068843,0.003930,-0.137451
73,-0.063547,0.102723,-0.111726,-0.319733,-0.222402,-0.280910
74,0.042274,-0.249423,-0.103328,-0.066795,-0.142603,-0.176818
75,-0.018337,-0.285347,0.010282,-0.152223,0.005618,-0.199267
76,0.001329,-0.210176,-0.205613,-0.106365,-0.101558,-0.029636
77,-0.079277,-0.176876,-0.015002,-0.330589,0.095492,-0.377187
78,-0.208176,-0.222933,-0.172651,-0.216080,-0.182125,-0.118307
79,-0.054199,-0.301908,-0.291101,-0.073539,-0.076561,-0.078340
80,0.179507,-0.230779,0.042855,-0.114018,-0.298258,-0.056165
81,0.045256,-0.295482,-0.013236,-0.092491,-0.211393,0.010511
82,0.240966,-0.029347,-0.089483,0.109460,0.020311,-0.023641
83,0.057152,-0.072119,-0.174873,0.177562,-0.049836,0.252618
84,-0.171530,-0.083088,0.061609,-0.097348,0.113378,0.214633
85,0.135862,0.001238,0.173223,0.034915,-0.232139,0.301101
86,-0.047111,-0.132648,0.048902,-0.280046,-0.074713,0.088537
87,-0.367537,0.000846,-0.001906,0.002778,-0.090068,0.109837
88,-0.106216,-0.116984,0.049298,-0.009814,-0.295337,0.069725
89,-0.159877,0.162627,-0.002920,-0.181519,-0.038873,0.056504
90,-0.108413,0.047032,0.004025,-0.101830,0.106996,-0.256763
91,0.251505,-0.107542,0.262636,0.170446,0.400073,-0.002180
92,0.366436,0.149237,0.127341,0.482398,0.218477,-0.016119
93,0.088417,0.231250,0.356352,0.222858,0.348664,0.142861
94,0.272128,0.308679,0.282142,0.176911,0.156765,0.159459
95,0.325672,-0.098058,0.208651,0.230381,0.135576,0.424892
96,0.123805,0.117885,0.158195,0.373401,0.408135,0.262315
97,0.031848,0.135171,0.299136,0.194489,-0.026005,0.292403
98,0.367364,0.347683,0.163512,0.144311,0.213660,0.189610
99,0.151044,0.099982,0.412880,0.262289,0.296413,0.112060
100,0.278816,0.263104,0.059187,-0.020386,0.050362,-0.032340
101,0.356741,0.144764,-0.002447,0.089255,0.214744,0.096179
102,0.306782,-0.078402,0.161398,0.047232,0.281880,0.106957
103,-0.164807,0.000573,0.119973,-0.233495,0.119208,-0.174683
104,0.065761,0.031132,0.137562,-0.243675,0.056931,-0.388725
105,0.039585,-0.117274,0.078684,-0.172792,0.169373,-0.246789
106,-0.083607,-0.082044,0.143129,0.235430,0.174712,-0.217572
107,-0.107906,0.038974,-0.129958,-0.003660,-0.010995,-0.143664
108,-0.259496,0.055437,0.002116,0.200846,0.094919,-0.110891
109,-0.313133,0.040774,-0.124241,0.194614,-0.020170,-0.219986
110,-0.084959,0.029690,0.204068,0.008683,0.184489,-0.435230
111,0.183184,-0.132683,0.214813,0.105237,-0.156761,-0.171478
112,0.029167,-0.014505,-0.218165,-0.331157,-0.011304,-0.030567
113,0.196247,-0.075577,-0.192260,-0.302138,-0.208369,-0.092996
114,-0.009918,-0.017629,-0.003811,-0.228653,-0.187810,-0.225360
115,0.207398,-0.250300,-0.225739,-0.507324,-0.232142,-0.023064
116,-0.099053,-0.068549,-0.288179,-0.786548,-0.235402,-0.049861
117,0.099790,-0.396020,-0.299590,-0.402162,-0.356810,-0.200053
118,-0.356939,-0.194764,-0.158165,-0.501435,-0.395676,0.076457
119,-0.376982,-0.531665,-0.157157,-0.174462,-0.353613,-0.099480
120,-0.140279,-0.334336,-0.077822,-0.447105,-0.344587,-0.054624
121,-0.489723,-0.537870,-0.115062,-0.193215,-0.628853,-0.144973
122,-0.188486,-0.417757,-0.271599,-0.463997,-0.611637,-0.018731
123,-0.179117,-0.339533,-0.366611,-0.138496,-0.323340,-0.165042
124,-0.141751,-0.213230,-0.220312,-0.369817,-0.712192,-0.115678
125,-0.414928,-0.298767,-0.674282,-0.566983,-0.185161,-0.227802
126,-0.390523,-0.335852,-0.170046,-0.132630,-0.288325,-0.116688
127,-0.538505,-0.421416,-0.194504,-0.352334,-0.397550,-0.389534
128,-0.165274,-0.115445,-0.220609,-0.037467,-0.213646,-0.268413
129,-0.547768,-0.276524,-0.147792,-0.360789,-0.127833,-0.287735
130,-0.093714,0.016607,-0.219006,-0.123681,-0.122101,-0.269029
131,-0.143623,0.001906,-0.407626,-0.062871,0.043426,-0.034385
132,0.109378,-0.168579,-0.103378,-0.049568,-0.231059,-0.054979
133,0.176410,-0.058584,-0.126389,-0.150862,-0.289685,0.011412
134,0.334443,-0.153357,-0.046937,-0.113122,0.181401,0.103451
135,0.108727,0.093460,-0.219482,-0.193024,-0.207573,-0.169578
136,0.267776,-0.035664,0.056920,0.101622,-0.066524,0.235742
137,-0.243593,0.159816,0.060336,-0.075445,0.074277,0.055645
138,0.114134,0.024324,0.136053,-0.081663,0.143397,0.170688
139,0.349726,-0.016590,-0.045146,0.008008,-0.026623,0.197456
140,0.067726,-0.049976,0.217045,0.002950,-0.045942,0.332758
141,0.116386,0.068929,0.011278,0.109073,-0.043684,0.331457
142,-0.191603,0.130105,0.006081,-0.068803,0.022177,-0.121465
143,-0.025884,0.074794,-0.207810,0.245059,0.058294,-0.006532
144,-0.033406,0.065824,-0.001835,0.231533,0.046067,-0.090946
145,-0.046638,0.147382,-0.057910,0.003575,-0.003533,-0.193228
146,-0.031360,0.052512,-0.079275,0.217338,-0.193039,-0.128722
147,-0.094765,-0.035628,-0.170837,0.150161,-0.112131,-0.188007
148,-0.223604,-0.123641,-0.043373,-0.117632,-0.445576,-0.285167
149,-0.236740,-0.201376,-0.414175,-0.196974,-0.145156,-0.100728
150,-0.209969,-0.278991,-0.211629,-0.142639,-0.211055,-0.254402
151,-0.301372,-0.161810,-0.508476,-0.299885,-0.679080,-0.189820
152,-0.460362,-0.232621,-0.093224,-0.357775,-0.404187,-0.317971
153,-0.622017,-0.430434,-0.318386,-0.496231,-0.342770,-0.087630
154,-0.354282,-0.333871,-0.235968,-0.417730,-0.136152,-0.299098
155,-0.149969,-0.484397,-0.068660,-0.527048,-0.262982,-0.458416
156,-0.146051,-0.260464,-0.243519,-0.310637,-0.019201,-0.363405
157,0.087375,-0.480081,-0.189568,-0.424178,-0.260057,-0.378421
158,-0.236819,-0.236023,-0.198078,-0.215863,-0.392755,-0.296407
159,-0.221935,-0.346158,-0.063544,-0.148749,-0.236887,-0.143401
160,-0.183173,-0.176626,-0.198772,-0.203400,-0.282912,-0.262649
161,-0.093069,-0.154569,-0.118936,-0.001017,-0.141616,-0.268866
162,0.165820,-0.212920,-0.328673,-0.115825,0.031516,-0.137199
163,0.179147,-0.083796,-0.082772,-0.016990,-0.186777,-0.043646
164,0.286794,-0.110399,-0.085512,0.028590,-0.393928,-0.102986
165,-0.127507,0.019042,0.016638,0.043987,0.176480,0.159394
166,-0.053044,0.082935,-0.080209,-0.212927,-0.045274,-0.170721
167,0.144781,0.146361,0.011611,0.034097,0.344414,-0.043073
168,0.084158,0.091054,0.157613,0.008905,0.432722,-0.135752
169,0.217215,-0.015132,-0.135455,0.284601,-0.028006,0.303704
170,0.356564,0.176149,0.138274,0.382403,0.417879,0.140289
171,0.107945,0.046527,0.082758,0.081735,0.110697,0.013307
172,0.048716,0.065075,-0.025829,-0.004206,-0.216904,-0.041269
173,-0.167301,-0.019310,-0.127830,-0.151959,-0.031539,-0.081480
174,-0.048474,-0.183578,-0.279622,-0.188829,0.018543,-0.049691
175,0.070902,-0.207758,0.179795,0.270107,-0.192431,-0.085380
176,0.130327,0.033225,-0.025103,0.201400,-0.026082,-0.030950
177,0.121545,0.022607,-0.224268,-0.223776,-0.098772,0.108822
178,0.230458,-0.073590,-0.251048,-0.028969,-0.170783,0.298019
179,-0.261593,-0.217052,0.054260,-0.299280,-0.348624,-0.063070
180,-0.271965,0.116466,-0.107108,-0.084610,-0.362763,0.009123
181,-0.200030,-0.162290,-0.179624,-0.215337,-0.591367,0.040870
182,-0.226875,-0.101812,-0.202961,-0.528464,-0.262421,-0.079236
183,-0.284773,-0.230326,-0.137019,-0.475275,-0.219352,-0.381616
184,-0.458642,-0.169838,-0.330253,-0.418393,-0.375962,-0.218606
185,-0.386362,-0.363790,-0.432046,-0.477014,-0.343539,-0.287081
186,-0.414408,-0.484480,-0.408408,-0.466728,-0.315352,-0.235706
187,-0.387118,-0.427405,0.010898,-0.305180,-0.223152,-0.512635
188,-0.324826,-0.352536,-0.085516,-0.187756,-0.255157,-0.427464
189,-0.204139,-0.357731,-0.110768,-0.507921,-0.316615,-0.462309
190,-0.449673,-0.458216,-0.378205,-0.765199,-0.374440,-0.525247
191,-0.859190,-0.442129,-0.458056,-0.836585,-0.533964,-0.750974
192,-0.833488,-0.611316,-0.532361,-0.624452,-0.543653,-0.836121
193,-0.799276,-0.465920,-0.695924,-0.749829,-0.618050,-0.817875
194,-0.768566,-0.707535,-0.500801,-0.579717,-0.539248,-1.043262
195,-0.858388,-0.695899,-0.686286,-0.862510,-0.685841,-1.024292
196,-0.992669,-0.587752,-0.896637,-0.913133,-0.774850,-1.043565
197,-0.772384,-0.982300,-0.992156,-0.725942,-0.729409,-1.069380
198,-0.706779,-0.760721,-0.796239,-0.645154,-0.649481,-1.013944
199,-0.784537,-0.848117,-0.843055,-0.820750,-0.726830,-0.907310
200,-0.619869,-0.866255,-0.797049,-0.875138,-0.780184,-0.751947
201,-0.442013,-0.773884,-0.520698,-1.005416,-0.754648,-0.879388
202,-0.470052,-0.759171,-0.702514,-0.547032,-0.920310,-0.726227
203,-0.757226,-0.788101,-0.416911,-0.751883,-0.883525,-0.738269
204,-0.428444,-0.629099,-0.624326,-0.586154,-0.713081,-0.718528
205,-0.642876,-0.474900,-0.653135,-1.030212,-0.889863,-0.721772
206,-0.326187,-0.594624,-0.805217,-0.828485,-0.670401,-0.559805
207,-0.568743,-0.712572,-0.745140,-0.870133,-1.135912,-0.634006
208,-0.449649,-0.775407,-0.544996,-0.738712,-1.003147,-0.373341
209,-0.953800,-0.705611,-0.569485,-0.693305,-0.730661,-0.538457
210,-0.673175,-0.577178,-0.474037,-0.734803,-0.552075,-0.535660
211,-0.849897,-0.589390,-0.669803,-0.739168,-0.556399,-0.677337
212,-0.667214,-0.557505,-0.928462,-0.764758,-0.554015,-0.516810
213,-0.562412,-0.625622,-0.639945,-0.401430,-0.575470,-0.638874
214,-0.953732,-0.783328,-0.834580,-0.811532,-0.788572,-0.741514
215,-0.570056,-0.691419,-0.853953,-0.541235,-0.845478,-0.541606
216,-0.946908,-0.718966,-0.849291,-0.829339,-0.856971,-0.796137
217,-0.944546,-0.742622,-0.895733,-0.590519,-0.803018,-0.623400
218,-0.960225,-0.792280,-0.745765,-0.817235,-0.508983,-0.902613
219,-0.956499,-0.542153,-0.484176,-0.532847,-0.617877,-0.800050
220,-0.839852,-0.622689,-0.737648,-0.518678,-0.468156,-0.714516
221,-0.573834,-0.506862,-0.365923,-0.316403,-0.012647,-0.628400
222,-0.411035,-0.449089,-0.461301,-0.086461,-0.326150,-0.247639
223,-0.209328,-0.302175,-0.299756,0.025021,-0.323325,-0.444248
224,-0.198821,-0.265189,-0.193809,0.088412,-0.234807,0.018557
225,-0.200290,-0.174220,-0.157120,-0.218275,-0.212675,-0.105319
226,-0.331409,-0.295570,0.022169,-0.277423,-0.304932,-0.255888
227,-0.195197,-0.390265,-0.131367,-0.275869,-0.006079,-0.253160
228,-0.434732,-0.334308,-0.268389,-0.464253,-0.280940,-0.216707
229,-0.226339,-0.348101,-0.110598,-0.211829,-0.004928,-0.004847
230,-0.266301,-0.327850,-0.006463,-0.320429,-0.223419,-0.257141
231,-0.117741,-0.118861,-0.145475,-0.470917,0.042071,-0.093173
232,-0.125737,-0.214110,-0.076399,-0.194997,-0.211518,-0.382158
233,-0.432318,-0.139228,-0.029130,-0.231047,-0.119328,-0.385043
234,-0.362226,-0.154657,-0.248309,0.070709,-0.090944,-0.329286
235,-0.103723,-0.368848,-0.239676,-0.175409,-0.028548,-0.440059
236,-0.158118,-0.156162,-0.194361,-0.220675,-0.156714,-0.493018
237,-0.394879,-0.107861,-0.193637,-0.004853,0.146559,-0.393533
238,0.042558,-0.148140,-0.205265,0.129331,-0.175865,-0.214389
239,-0.101209,-0.093033,-0.227111,-0.092114,-0.484548,-0.169310
240,0.049570,-0.243176,-0.261638,-0.328514,-0.270345,-0.230430
241,-0.122056,-0.206466,-0.231559,-0.403794,-0.233241,-0.330883
242,-0.065827,-0.392000,-0.145169,-0.165471,-0.307077,-0.156621
243,-0.215935,-0.434215,-0.388647,-0.393820,-0.321574,-0.031635
244,-0.305083,-0.260867,-0.057658,-0.087966,-0.499442,-0.034732
245,-0.051475,-0.152231,-0.028591,0.115348,-0.345978,0.087572
246,-0.491016,-0.085434,-0.102453,-0.083127,-0.295306,-0.178091
247,-0.068467,-0.095862,0.022329,0.066086,-0.072760,0.055699
248,-0.671057,-0.119639,-0.259964,-0.067626,-0.154002,-0.185872
249,-0.303094,0.111701,-0.159811,-0.188133,-0.191887,-0.126587
250,-0.316839,-0.053288,-0.290983,-0.057703,0.023778,-0.147574
251,-0.358570,-0.090882,-0.421537,-0.198145,-0.196259,0.017934
252,-0.336548,-0.173054,-0.258675,0.012054,-0.350104,-0.217160
253,-0.352073,-0.158407,-0.286130,-0.236640,-0.452907,-0.258405
254,-0.343948,-0.082371,-0.362252,-0.226958,-0.538597,-0.177421
255,-0.394903,-0.324134,-0.316459,-0.299072,-0.543960,-0.311163
256,-0.482423,-0.410982,-0.450397,-0.259190,-0.681844,-0.286830
257,-0.555065,-0.356311,-0.515546,-0.428723,-0.619535,-0.225378
258,-0.481833,-0.436335,-0.561250,-0.493143,-0.604702,-0.160928
259,-0.499671,-0.573972,-0.632647,-0.496685,-0.911387,-0.163168
260,-0.519112,-0.485038,-0.379087,-0.524216,-0.459589,-0.361733
261,-0.552662,-0.496560,-0.821630,-0.746563,-0.505669,-0.560693
262,-0.403552,-0.588810,-0.608939,-0.365701,-0.664969,-0.546526
263,-0.579664,-0.577554,-0.571041,-0.420540,-0.687843,-0.466738
264,-0.230809,-0.475772,-0.677305,-0.442554,-0.893732,-0.107610
265,-0.365598,-0.336016,-0.540050,-0.864975,-0.720988,-0.520723
266,-0.413379,-0.470044,-0.681008,-0.577920,-0.775099,-0.283214
267,-0.545533,-0.470024,-0.572535,-0.880411,-0.717609,-0.352524
268,-0.450746,-0.628423,-0.625145,-0.394972,-0.589011,-0.608900
269,-0.660246,-0.547722,-0.396506,-0.880296,-0.553764,-0.497321
270,-0.620843,-0.604816,-0.680980,-0.720714,-0.428397,-0.718830
271,-0.929815,-0.689438,-0.674826,-0.687760,-0.551365,-0.740668
272,-0.608915,-0.563423,-0.700252,-0.593837,-0.754981,-0.761811
273,-1.067765,-0.429588,-0.820483,-0.549946,-0.640954,-0.497077
274,-0.594983,-0.512584,-0.865795,-0.616590,-0.836934,-0.595814
275,-0.892314,-0.542147,-0.766375,-0.549453,-0.970644,-0.655349
276,-0.753646,-0.595396,-0.820344,-0.654929,-0.519308,-0.598081
277,-0.740591,-0.540840,-0.685257,-0.822301,-0.837120,-0.922325
278,-0.484162,-0.647849,-0.831077,-0.401151,-0.723833,-0.602724
279,-0.614443,-0.617199,-0.689268,-0.668750,-0.755111,-0.443244
280,-0.629245,-0.516203,-0.625000,-0.614530,-0.665590,-0.642330
281,-0.600145,-0.419423,-0.686530,-0.776254,-0.689895,-0.568689
282,-0.445908,-0.546389,-0.270032,-0.320947,-0.464647,-0.501192
283,-0.603026,-0.639830,-0.527008,-0.609848,-0.781923,-0.491184
284,-0.437910,-0.419557,-0.232263,-0.189772,-0.548388,-0.536602
285,-0.659372,-0.428965,-0.692731,-0.477165,-0.446486,-0.607380
286,-0.290479,-0.473475,-0.501317,-0.408994,-0.599907,-0.455873
287,-0.728894,-0.555234,-0.639362,-0.550651,-0.688692,-0.741281
288,-0.518616,-0.828680,-0.561080,-0.580812,-0.503158,-0.457034
289,-0.717726,-0.688736,-0.675077,-0.779192,-0.911016,-0.788040
290,-0.758822,-0.726664,-0.479377,-0.799166,-0.880706,-0.869778
291,-0.992233,-0.695749,-0.607938,-0.771628,-1.009617,-0.886091
292,-1.001193,-0.731677,-0.499152,-0.691050,-0.601509,-0.889719
293,-1.089403,-0.784067,-0.617420,-0.719833,-0.392531,-0.924811
294,-1.087601,-0.735626,-0.731368,-0.844780,-0.693968,-0.917113
295,-0.690710,-0.794519,-0.472637,-0.343108,-0.245728,-0.806395
296,-0.735836,-0.619512,-0.283989,-0.435040,-0.558924,-0.671569
297,-0.617408,-0.478105,-0.496994,-0.582117,-0.609966,-0.667889
298,-0.554463,-0.420662,-0.731944,-0.589683,-0.650414,-0.585739
299,-0.373510,-0.750536,-0.468293,-0.410312,-0.509056,-0.329033
300,-0.381558,-0.530330,-0.403084,-0.383993,-0.575486,-0.474250
301,-0.513063,-0.443974,-0.365019,-0.524802,-0.404157,-0.497523
302,-0.431178,-0.546062,-0.490548,-0.477969,-0.378814,-0.532783
303,-0.522969,-0.445661,-0.347030,-0.576512,-0.313184,-0.480612
304,-0.495912,-0.517634,-0.389351,-0.415675,-0.257592,-0.361383
305,-0.363040,-0.544321,-0.635518,-0.547612,-0.297868,-0.458567
306,-0.096839,-0.613936,-0.461145,-0.171677,-0.268406,-0.352622
307,-0.115391,-0.404717,-0.414728,-0.271909,-0.596715,-0.222791
308,-0.284875,-0.271090,-0.625796,-0.663221,-0.620341,-0.369551
309,-0.291241,-0.292250,-0.782919,-0.436273,-0.653258,-0.075825
310,-0.040331,-0.388124,-0.413569,-0.236989,-0.563874,0.082766
311,-0.360396,-0.298478,-0.584628,-0.632149,-0.477258,0.143313
312,0.049480,-0.458628,-0.222533,-0.366450,-0.156640,0.023102
313,-0.204359,-0.353530,-0.426231,-0.569877,-0.458658,0.062956
314,0.131747,-0.343647,-0.189459,-0.330895,-0.449015,0.038226
315,-0.287807,-0.122217,-0.157004,-0.324172,-0.512941,-0.349260
316,-0.288186,-0.314230,-0.335533,-0.745471,-0.288757,-0.377273
317,-0.049003,-0.467024,-0.358629,-0.389611,-0.499027,-0.282269
318,-0.242417,-0.489541,-0.524166,-0.653746,-0.490063,-0.197317
319,-0.557910,-0.308372,-0.457390,-0.500866,-0.967126,-0.187644
320,-0.252094,-0.549265,-0.342968,-0.352236,-0.569820,-0.200382
321,-0.309713,-0.354609,-0.403777,-0.418604,-0.815085,-0.107727
322,-0.326479,-0.420261,-0.419163,-0.328338,-0.486326,-0.075243
323,-0.464611,-0.258203,-0.620366,-0.772341,-0.807277,-0.517625
324,-0.402204,-0.611493,-0.527546,-0.585823,-0.669387,-0.230186
325,-0.660143,-0.615262,-0.637984,-0.564513,-0.821617,-0.168667
326,-1.004596,-0.485390,-0.541726,-0.807028,-0.561363,-0.829169
327,-1.175271,-0.571536,-0.596890,-0.698877,-0.766788,-0.880461
328,-1.081812,-0.737704,-0.707266,-0.565845,-0.823899,-0.982212
329,-1.110697,-0.562531,-0.666573,-0.570872,-0.734849,-0.841766
330,-0.717395,-0.763262,-0.714499,-0.685159,-0.646596,-0.719346
331,-0.573468,-0.704698,-0.988856,-0.781985,-0.779310,-0.555686
332,-0.691515,-0.617124,-0.786818,-0.592332,-0.824415,-0.671726
333,-0.763606,-0.552245,-0.836241,-0.693281,-0.880029,-0.519375
334,-0.493405,-0.678322,-0.997614,-0.643766,-0.858783,-0.532856
335,-0.312558,-0.810410,-0.875976,-0.450144,-0.661934,-0.222516
336,-0.200750,-0.731394,-0.764535,-0.730136,-0.924742,-0.284699
337,-0.643398,-0.675434,-0.570430,-0.497630,-0.806353,-0.081971
338,-0.753732,-0.588756,-0.638010,-0.637010,-0.825191,-0.421081
339,-0.701022,-0.412530,-0.389580,-0.507647,-0.703219,-0.068216
340,-0.398499,-0.384141,-0.389260,-0.474805,-0.394481,-0.366327
341,-0.596310,-0.269166,-0.363302,-0.379516,-0.253717,-0.248985
342,-0.497256,-0.380871,-0.523797,-0.440335,-0.505163,-0.270283
343,-0.654460,-0.300580,-0.550789,-0.552340,-0.363949,-0.491162
344,-0.516795,-0.377048,-0.599770,-0.448267,-0.602586,-0.469142
345,-0.717153,-0.402327,-0.539859,-0.657605,-0.498856,-0.831874
346,-0.338632,-0.517954,-0.505025,-0.565419,-0.274109,-0.898255
347,-0.738587,-0.559599,-0.590370,-0.259714,-0.546315,-0.537528
348,-0.004067,-0.362782,-0.638234,-0.514765,-0.592457,-0.567987
349,-0.141451,-0.284678,-0.704083,-0.533213,-0.816866,-0.324423
350,-0.273356,-0.484246,-0.571866,-0.365205,-0.329964,-0.263966
351,-0.357360,-0.398168,-0.404155,-0.395256,-0.317850,-0.313956
352,-0.092076,-0.280030,-0.154496,-0.271384,-0.207266,-0.187655
353,-0.171843,-0.150818,-0.194353,-0.189461,-0.166189,-0.397146
354,-0.367776,-0.018582,0.098172,-0.154842,0.106456,-0.175269
355,0.043489,-0.109501,-0.075957,-0.067455,-0.042071,-0.186979
356,-0.133542,0.041773,0.143118,0.263266,0.028362,-0.231569
357,-0.073835,-0.112974,-0.051656,-0.102245,0.043186,-0.187799
358,0.000133,-0.204256,-0.055204,-0.150510,-0.217078,-0.057757
359,-0.286864,-0.158653,-0.041379,-0.095373,-0.097339,-0.021451
360,-0.082363,-0.084858,-0.103334,-0.127486,-0.107610,-0.217900
361,-0.066310,-0.258539,-0.259996,0.135449,-0.073397,-0.235193
362,0.111018,-0.105086,0.009152,0.401692,0.028748,0.202726
363,0.283927,0.088922,0.105377,0.349952,0.070601,0.318066
364,0.123305,0.209064,0.132961,0.256674,0.126821,0.264654
365,0.167269,0.216945,0.222089,0.481197,0.507987,0.451724
366,0.381370,0.356487,0.447715,0.678644,0.413583,0.621987
367,0.544515,0.407034,0.552226,0.506110,0.405991,0.496981
368,1.041815,0.475687,0.283081,0.448046,0.495579,0.654556
369,0.684795,0.505707,0.710675,0.755790,0.554573,0.759775
370,0.796742,0.643823,0.453115,0.612605,0.506977,0.936370
371,0.597305,0.603109,0.427471,0.482861,0.226341,0.676614
372,0.251410,0.656533,0.276463,-0.020217,0.225577,0.484418
373,0.563491,0.418475,0.362081,0.420049,0.285328,0.649876
374,0.379336,0.287911,0.089749,0.128567,-0.218132,0.596763
375,0.294605,0.267440,0.225718,0.097875,0.193731,0.504278
376,0.173502,0.085404,0.302592,0.080306,-0.222130,0.240894
377,-0.094036,0.208090,0.351106,0.134710,0.324383,0.218623
378,0.039938,0.166378,0.105563,-0.180010,0.267383,0.026167
379,0.341001,0.324221,0.091857,0.400435,0.135751,0.322604
380,0.114770,-0.070872,0.110112,0.256146,0.094840,0.222804
381,0.624040,0.073433,0.154634,0.475374,0.215317,0.557856
382,0.298401,0.107386,0.278689,0.163297,0.101885,0.312732
383,0.216233,0.240350,0.384068,0.294323,0.058870,0.369842
384,0.495462,0.132108,0.259603,0.168407,0.200849,0.303828
385,0.454789,0.138476,0.458815,0.558627,0.297143,0.498677
386,0.459065,0.360145,0.380651,0.316476,0.151478,0.431660
387,0.465132,0.326356,0.288687,0.502130,0.295465,0.443673
388,-0.049270,0.346295,0.464810,0.058678,0.246689,0.104232
389,0.280180,0.337031,0.053075,0.261528,0.228276,0.122546
390,0.040545,0.274750,0.245966,0.225480,-0.178875,-0.032689
391,0.139736,0.009359,0.103613,-0.041474,0.077468,0.173847
392,0.070652,0.020325,-0.108865,0.221867,-0.140163,0.196421
393,-0.114690,0.095579,0.029983,0.154029,-0.083963,-0.127317
394,0.211813,0.038691,0.308785,0.274992,0.057571,0.166379
395,0.120373,0.068245,0.186381,0.146865,0.349901,0.094622
396,0.235060,0.255802,0.349145,0.283714,0.288839,0.131181
397,0.375828,0.253203,0.354095,0.174228,0.403487,0.199788
398,0.243102,0.332868,0.313289,0.396932,0.378577,0.398549
399,0.456409,0.404771,0.513963,0.047673,0.284557,0.482288
400,0.527583,0.313921,0.630207,0.253869,0.451459,0.543908
401,0.334676,0.464609,0.744979,0.314620,0.680349,0.558425
402,0.546131,0.453734,0.709068,0.298419,0.611965,0.347496
403,0.440767,0.449865,0.548188,0.470234,0.386320,0.343148
404,0.546328,0.498032,0.482196,0.540015,0.280976,0.475544
405,0.592383,0.278301,0.186377,0.555001,0.190589,0.334214
406,0.610654,0.208579,0.074700,0.358452,0.155590,0.613809
407,0.335744,0.163283,0.274690,0.725732,0.204262,0.399702
408,0.346500,0.418658,0.453475,0.473372,0.149150,0.274026
409,0.496390,0.401851,0.378457,0.664286,0.448356,0.508762
410,0.643050,0.362086,0.222010,0.363976,0.232044,0.403024
411,0.401950,0.266599,0.084581,0.104535,0.028251,0.575853
412,0.199798,0.040407,-0.056241,-0.041762,0.067995,0.216186
413,-0.094549,0.061978,0.112671,0.035523,-0.057575,0.034533
414,-0.153631,-0.040828,0.055449,-0.154319,-0.273869,0.011647
415,-0.207540,-0.032015,-0.065444,0.097192,0.128252,0.041735
416,-0.145299,0.031207,-0.207200,-0.274306,-0.188969,-0.069056
417,-0.414294,-0.051928,0.000379,-0.091060,-0.012588,-0.246838
418,-0.012351,0.005027,0.015409,-0.071048,-0.093231,0.022762
419,0.000659,-0.067947,-0.051906,0.065108,-0.124461,-0.140945
420,0.008733,0.150744,-0.230448,-0.190072,-0.082477,-0.039412
421,-0.005462,-0.003797,-0.075589,0.042286,-0.197239,0.057284
422,-0.094010,-0.097265,-0.258917,0.077063,0.058675,0.067410
423,0.025402,-0.024695,-0.261268,-0.017965,-0.199378,0.039669
424,-0.119556,0.119460,-0.162375,-0.146420,-0.222780,-0.021988
425,-0.325350,-0.241030,-0.120845,-0.219801,-0.017735,-0.065640
426,0.049528,-0.213748,-0.189583,-0.346514,-0.210835,-0.078430
427,-0.104605,-0.241087,-0.117181,-0.097633,-0.485634,-0.048650
428,-0.067416,-0.188904,-0.064981,-0.198476,-0.343990,-0.103386
429,-0.471816,-0.181069,-0.343871,-0.307158,-0.102522,-0.326436
430,-0.324164,-0.065238,-0.289598,-0.180680,-0.054251,-0.405540
431,-0.071344,-0.266652,-0.297154,-0.195421,-0.110208,-0.612989
432,-0.023254,-0.159532,-0.134676,-0.176241,-0.198542,-0.296330
433,-0.370100,-0.279041,-0.412971,-0.568374,-0.526955,-0.417380
434,-0.336409,-0.454487,-0.323032,-0.402177,-0.010106,-0.265843
435,-0.251220,-0.438144,-0.376865,-0.199520,-0.182143,-0.452529
436,-0.411507,-0.323881,-0.306490,-0.303890,-0.168154,-0.382737
437,-0.414175,-0.189970,-0.181785,-0.198583,-0.102879,-0.421546
438,-0.198938,-0.073053,-0.360676,-0.376555,-0.169957,-0.216605
439,-0.246369,-0.243750,-0.295774,-0.388163,-0.114354,-0.330690
440,-0.315047,-0.168882,-0.092950,-0.261465,-0.177531,-0.299175
441,-0.362769,-0.339956,-0.320417,-0.420635,-0.123348,-0.396735
442,-0.465187,-0.087944,-0.172692,-0.371429,0.130872,-0.347418
443,-0.569546,-0.423252,-0.112026,-0.075729,0.252424,-0.383893
444,-0.227217,-0.220119,-0.547056,-0.315777,-0.450035,-0.195679
445,-0.233422,-0.204191,-0.362105,-0.239431,-0.610577,-0.324844
446,-0.519186,-0.321494,-0.599706,-0.543201,-0.633375,-0.393599
447,-0.726786,-0.476188,-0.581874,-0.646746,-0.356852,-0.370604
448,-0.279089,-0.436955,-0.574161,-0.413460,-0.607074,-0.393972
449,-0.421594,-0.563043,-0.306862,-0.779604,-0.529098,-0.629442
450,-0.398279,-0.398585,-0.720907,-0.645494,-0.751911,-0.375867
451,-0.500758,-0.691434,-0.724129,-0.823662,-0.916416,-0.411827
452,-0.443392,-0.526207,-0.607927,-0.565161,-0.734030,-0.420256
453,-0.605619,-0.507291,-0.536430,-0.594178,-0.573297,-0.669550
454,-1.024323,-0.419284,-0.396951,-0.560190,-0.508386,-0.630081
455,-0.574009,-0.352566,-0.396504,-0.264056,-0.239125,-0.805795
456,-0.473257,-0.396517,-0.414494,-0.162973,-0.244263,-0.523449
457,-0.384972,-0.314804,-0.339560,-0.237125,-0.297308,-0.471884
458,-0.550039,-0.156028,-0.324748,-0.148861,0.000840,-0.518034
459,-0.372315,-0.318659,-0.248900,-0.095750,0.000915,-0.362144
460,-0.533649,-0.196241,-0.486597,-0.420810,-0.199145,-0.412745
461,-0.426129,-0.296373,-0.489795,-0.402235,-0.343061,-0.340945
462,-0.551816,-0.390930,-0.211741,-0.226708,-0.275988,-0.329254
463,-0.263247,-0.334792,-0.514894,-0.424912,-0.327532,-0.358053
464,-0.259713,-0.555707,-0.358841,-0.032073,-0.482178,-0.346794
465,-0.231945,-0.339396,-0.178282,-0.273483,-0.351181,-0.303033
466,-0.404322,-0.267789,-0.364390,-0.748530,-0.473907,-0.680001
467,-0.682103,-0.273318,-0.223293,-0.399927,-0.212892,-0.534384
468,-0.569796,-0.318010,-0.369826,-0.520442,0.078641,-0.474697
469,-0.190565,-0.368629,-0.262772,-0.083901,-0.180067,-0.530974
470,0.014674,-0.314263,-0.147546,-0.231401,-0.247814,-0.407607
471,-0.190520,-0.310686,-0.194141,0.247924,-0.358448,-0.294889
472,-0.347342,-0.183819,-0.279446,-0.070614,-0.387454,-0.131571
473,0.075680,-0.219358,-0.302854,-0.073681,-0.595253,-0.151580
474,-0.111930,-0.112010,-0.086108,0.052368,-0.251801,0.249443
475,-0.171059,-0.058322,0.006060,-0.030797,-0.092975,0.153540
476,-0.020028,0.043017,0.165361,0.165637,0.200084,-0.069546
477,0.060883,0.010631,0.085115,-0.060229,0.338123,-0.122997
478,0.433978,0.063207,0.129620,0.359918,0.433738,-0.052338
479,-0.021902,0.147695,0.041365,-0.014523,0.470364,-0.056565
480,0.364852,0.039071,0.079237,0.367658,0.070687,0.259533
481,0.300754,0.180257,0.230238,0.378826,0.378408,0.123734
482,0.197117,0.349879,0.150535,0.176504,0.217023,0.153022
483,0.419789,0.206641,0.114123,0.237651,0.438999,0.338706
484,0.188909,0.219900,0.230207,0.054959,0.080958,0.114765
485,0.124908,0.087252,0.112118,-0.245818,0.052027,0.239539
486,0.093446,0.198237,0.100113,0.019808,0.051313,0.069504
487,-0.124800,0.075158,0.072020,-0.016282,0.073066,0.000636
488,-0.035823,0.153234,-0.008845,0.030482,0.071454,-0.150442
489,0.034387,0.014193,-0.153687,-0.196271,-0.096215,-0.034385
490,0.170262,-0.104747,0.094956,0.373390,0.107245,0.051882
491,0.066283,0.015597,0.076354,0.006487,0.069236,0.110585
492,0.316903,0.248949,-0.048427,0.065405,0.106771,0.398320
493,0.136564,0.277067,0.028458,0.032620,-0.179555,0.310602
494,0.040153,0.214588,-0.077198,-0.204018,-0.198834,0.008612
495,-0.356259,0.044260,-0.200577,-0.349645,-0.243497,-0.183735
496,-0.370211,-0.056830,-0.312845,-0.737712,-0.482619,-0.357529
497,-0.546592,-0.204326,-0.602112,-0.665792,-0.297408,-0.480293
498,-1.007701,-0.556763,-0.346609,-0.707924,-0.584854,-0.878159
499,-0.910038,-0.476610,-0.553624,-0.564646,-0.486803,-0.723240
500,-1.019226,-0.661905,-0.565133,-0.828590,-0.295873,-1.140319
501,-0.747980,-0.607766,-0.411573,-0.495557,-0.248354,-0.903040
502,-0.603634,-0.567412,-0.284450,-0.435941,-0.188035,-0.783655
503,-0.516891,-0.417793,-0.546986,-0.447355,-0.381388,-0.821773
504,-0.490952,-0.415798,-0.453614,-0.582306,-0.394955,-0.682131
505,-0.403150,-0.343016,-0.774347,-0.513955,-0.365944,-0.791561
506,-0.584162,-0.551725,-0.474322,-0.249646,-0.585710,-0.505096
507,-0.574685,-0.528624,-0.648215,-0.434767,-0.461555,-0.684812
508,-0.673949,-0.606328,-0.736139,-0.602268,-0.588150,-0.416563
509,-0.766768,-0.605920,-0.896769,-0.760402,-0.460462,-0.550724
510,-0.675262,-0.597873,-0.617228,-0.658716,-0.503885,-0.774483
511,-0.693333,-0.673298,-0.659269,-0.678162,-0.375315,-0.864811
512,-0.338917,-0.816078,-0.580690,-0.386203,-0.451920,-0.650312
513,-0.472405,-0.559694,-0.657572,-0.427048,-0.726095,-0.583170
514,-0.376007,-0.483438,-0.763481,-0.475181,-0.888469,-0.374536
515,-0.428379,-0.619309,-0.539261,-0.444505,-0.391027,-0.427642
516,-0.523050,-0.554113,-0.400410,-0.499870,-0.631188,-0.597614
517,-0.588205,-0.486311,-0.316966,-0.446338,-0.321632,-0.753036
518,-0.705461,-0.525186,-0.477923,-0.577388,-0.067527,-0.738492
519,-0.323613,-0.465233,-0.675164,-0.399511,-0.466839,-0.853069
520,-0.524987,-0.523773,-0.471349,-0.697290,-0.355921,-0.750857
521,-0.806242,-0.656261,-0.450377,-0.585487,-0.063390,-0.937927
522,-0.743608,-0.822598,-0.515257,-0.767764,-0.325274,-0.907928
523,-0.680616,-0.726802,-0.590943,-0.475080,-0.309903,-0.894416
524,-0.507692,-0.509002,-0.354472,-0.537951,-0.331140,-0.914534
525,-0.580096,-0.373223,-0.589753,-0.738269,-0.307870,-0.917782
526,-0.430596,-0.529863,-0.334773,-0.147329,-0.275828,-0.447231
527,-0.782707,-0.512885,-0.495968,-0.544327,-0.444288,-0.651335
528,-0.449923,-0.258361,-0.275452,-0.213490,-0.234453,-0.469300
529,-0.803069,-0.295722,-0.272121,-0.523770,-0.754946,-0.678389
530,-0.714018,-0.187351,-0.545279,-0.446430,-0.450210,-0.470158
531,-0.457854,-0.241848,-0.494519,-0.487718,-0.560849,-0.609164
532,-0.279376,-0.373674,-0.620547,-0.209760,-0.512386,-0.401593
533,-0.456916,-0.366401,-0.499866,-0.447206,-0.288767,-0.388790
534,-0.462345,-0.431468,-0.351618,-0.431610,-0.373190,-0.439490
535,-0.118391,-0.390940,-0.415810,-0.039047,-0.550941,-0.304701
536,-0.431810,-0.431449,-0.418450,-0.232299,-0.331848,-0.315796
537,-0.259827,-0.197493,-0.008538,-0.190174,-0.209662,-0.217494
538,-0.309032,-0.254457,-0.419966,-0.397902,-0.331949,-0.355285
539,-0.557080,-0.094726,-0.060550,-0.389683,-0.416094,-0.368356
540,-0.613133,-0.341268,-0.327419,-0.278041,-0.334819,-0.273911
541,-0.188956,-0.252312,-0.263559,-0.076239,-0.317060,-0.201377
542,-0.161723,-0.320571,-0.235184,-0.171989,-0.396422,-0.196714
543,-0.170789,-0.076260,-0.083391,-0.104910,-0.182707,-0.212857
544,-0.143802,-0.197231,-0.152676,0.053298,-0.195230,0.026317
545,-0.029340,0.063150,0.016275,-0.068946,-0.198097,-0.094506
546,-0.163787,0.008144,-0.309707,-0.186775,-0.192453,-0.039966
547,0.006364,-0.277633,-0.322495,0.232581,-0.520767,-0.008990
548,-0.328148,-0.277249,-0.430511,-0.223033,-0.453570,0.113669
549,-0.599210,-0.176608,-0.599491,-0.515724,-0.376036,-0.371949
550,-0.549182,-0.375424,-0.371524,-0.423659,-0.477802,-0.095226
551,-0.732893,-0.220712,-0.539777,-0.678597,-0.583514,-0.438702
552,-0.390791,-0.538500,-0.472853,-0.169301,-0.255158,-0.259995
553,-0.276249,-0.456410,-0.433139,-0.291151,-0.198971,-0.242146
554,-0.438362,-0.348129,-0.131907,-0.139075,-0.416155,-0.296391
555,-0.464492,-0.261829,-0.158644,-0.093718,-0.321418,-0.299691
556,-0.154974,-0.066982,-0.434283,-0.036337,-0.010314,0.081921
557,-0.204923,-0.207887,-0.241269,-0.279709,-0.103501,-0.281982
558,-0.156855,-0.362391,-0.254592,-0.317416,-0.001255,-0.272313
559,-0.118131,-0.141211,-0.211207,-0.380003,-0.210131,-0.463422
560,-0.489092,-0.254409,-0.217272,-0.394756,-0.233530,-0.356020
561,0.101127,-0.436138,-0.241794,0.023964,-0.221759,-0.084792
562,-0.238642,-0.306424,-0.097885,-0.194876,-0.048223,-0.186017
563,0.061445,-0.181502,0.340159,-0.041980,-0.229360,-0.032540
564,0.118429,-0.039780,0.146833,0.102017,0.158835,-0.097100
565,-0.120443,0.125337,0.252263,-0.060896,0.144795,-0.169766
566,-0.227898,0.012177,0.319319,0.214596,0.302246,-0.110176
567,-0.270097,0.013204,0.069183,0.022775,0.030688,-0.103635
568,-0.051349,-0.059194,-0.241322,-0.242320,0.126002,-0.233906
569,-0.387547,-0.130175,-0.048361,-0.211779,-0.355908,-0.402881
570,-0.118893,-0.165586,-0.114022,-0.067392,-0.151020,-0.219690
571,-0.295239,-0.100451,-0.003988,-0.048733,-0.036926,-0.304472
572,-0.200110,-0.283213,0.072616,0.146682,0.201058,-0.284201
573,0.194786,-0.100636,-0.208124,0.195930,-0.031417,-0.309216
574,-0.142273,-0.006137,-0.017114,-0.054191,0.329737,-0.149888
575,0.220898,0.098916,0.212380,0.153070,0.334398,0.228460
576,0.275340,0.166103,0.351577,-0.021666,0.207692,-0.188518
577,0.611343,-0.085572,0.257041,0.299535,0.595841,0.381451
578,0.498164,-0.043753,0.402214,0.380188,0.534673,0.237459
579,0.057170,0.286755,0.742392,0.101708,0.666979,0.058448
580,0.665780,0.305271,0.497297,0.218379,0.441033,0.211835
581,0.331675,0.321737,0.141179,0.142439,0.264400,0.464328
582,0.339159,0.430531,0.323959,-0.022436,0.424566,0.187488
583,0.155460,0.106375,0.368030,0.207896,0.458623,0.174113
584,0.259501,0.365312,0.324077,0.372423,0.698227,0.333283
585,0.420899,0.321183,0.510727,0.597921,0.564687,0.415962
586,0.444512,0.386069,0.326464,0.536001,0.710820,0.144684
587,0.296401,0.266303,0.380800,0.453874,0.377613,0.299882
588,0.125865,0.239049,0.519027,0.234986,0.343909,0.068283
589,0.164864,0.424161,0.289597,0.145627,0.523596,-0.075036
590,0.325351,0.261451,0.258985,0.179617,0.242516,0.076860
591,0.137655,0.282626,0.088677,0.240921,0.418812,-0.186988
592,0.185510,0.181929,0.041380,-0.110606,-0.133890,-0.065624
593,0.167791,-0.005058,-0.083403,-0.130981,-0.087759,0.205200
594,-0.127523,0.004541,0.086072,-0.316895,0.173008,-0.269090
595,-0.007586,-0.062538,-0.100023,0.041655,-0.197821,-0.101900
596,-0.164053,-0.119163,-0.289105,-0.377456,-0.186697,-0.119137
597,-0.248015,-0.221516,-0.155515,-0.183027,0.028798,-0.244435
598,-0.342504,-0.276953,-0.195227,-0.524532,-0.366963,-0.460180
599,-0.355313,-0.217134,-0.348748,-0.231916,-0.380270,-0.440878
600,-0.010257,-0.344747,-0.400374,-0.332968,-0.541101,-0.349511
