severity,dose,recovery
0.7372,1.7909,0.4557
-0.5685,-0.8257,1.6341
1.805,2.8007,-2.1214
-1.4674,-2.9091,0.5302
-0.054,0.2592,0.1314
-0.3894,0.2264,0.6835
0.2342,0.1165,-0.7425
-0.9595,-1.5034,1.3403
-1.2457,-3.4793,-3.6508
-1.8359,-1.3429,3.4885
-1.3529,-0.8372,3.8371
0.1411,2.0564,1.9501
0.8748,0.4759,-0.7988
-1.6998,-3.2483,1.1009
-0.4023,1.824,2.9228
0.46,0.0991,0.1065
-0.9115,-1.3678,1.7141
-0.4039,-0.9419,-0.8236
0.404,1.8136,0.6651
0.5106,1.5094,0.5529
-0.1841,-0.121,1.6463
-0.5882,0.0734,0.3757
-1.7062,-2.6052,1.3707
-1.9488,-1.6894,3.9282
-0.236,-0.2644,-0.5298
2.4232,2.0554,-3.846
0.3968,0.0892,-1.7534
0.4186,0.9062,-0.6454
0.2838,0.5854,-0.0215
0.1818,0.5456,2.1207
1.4199,3.3844,-0.8822
0.582,2.5047,0.9325
0.5083,0.6429,-0.292
2.1954,3.9947,0.1064
-0.8165,-1.1896,0.8742
-0.186,-1.9528,0.6094
-0.0267,-1.4845,-0.5334
1.942,2.3294,-0.7592
-0.5075,-1.8452,1.2364
0.1403,0.9505,-0.5869
0.8247,0.8803,-1.8777
-1.839,-3.0069,0.5584
0.9206,0.5847,-0.9432
-0.2571,-0.4237,1.9029
1.0309,1.776,1.4846
0.2441,1.5194,1.3536
-2.6337,-2.456,4.2027
0.7345,0.0531,-1.7551
0.2328,-0.6406,-2.5717
0.8997,-0.1677,-2.9662
1.303,2.4925,-2.1209
1.4458,1.3559,0.9139
-1.3989,-2.8436,1.1302
0.7442,0.1231,-0.1448
0.4239,-0.9893,-2.419
0.3933,0.2603,-0.3608
-0.4357,-1.0854,0.0313
-2.3967,-3.7826,1.9296
1.7066,3.4605,-0.8614
-0.8419,-1.6884,0.6054
-0.7463,-1.1501,-0.3769
-1.2286,-1.9059,0.1268
1.2949,3.8008,0.7123
1.5849,2.7645,-2.4363
0.8061,0.8537,-0.7333
-0.9757,-1.2229,1.7852
-2.2602,-3.7757,2.0476
-1.1904,-1.1854,0.3848
-1.0687,-1.9922,-0.0512
0.5115,1.6237,-1.2421
0.2901,1.4941,1.8918
-1.5226,-3.2908,-0.4178
0.1273,0.8045,-0.3953
0.6428,1.2011,-0.2213
1.0173,1.5166,-1.1436
0.961,1.7956,-0.8947
0.8946,2.1771,0.0738
1.9492,3.8332,0.6686
-0.1673,-0.1432,-0.8591
-0.6019,-1.6624,-0.2267
0.5543,2.459,1.3754
-0.5592,-0.1664,4.0181
0.0698,0.9889,-0.0929
-2.5313,-3.5611,2.8472
0.705,-0.0329,-0.9357
0.1445,1.4086,1.8136
-1.3442,-0.2235,2.5267
-0.1527,0.0678,1.1922
0.0048,-1.4186,-0.8002
1.4989,2.0399,-2.4783
1.2292,2.0517,0.5185
-1.9613,-0.6303,1.4119
1.076,1.8163,-0.6566
1.2171,2.1656,-1.537
-0.4714,-2.3314,-1.8793
-0.3898,-1.7678,-0.1666
1.2561,0.367,-3.0031
1.6727,3.1441,-0.3664
-0.1571,0.1095,0.2151
0.648,-0.7003,-2.3448
1.1935,1.3706,-0.538
0.3739,0.4133,1.3637
0.393,0.3232,0.2982
1.115,-0.1578,-2.4683
-0.1322,0.4931,0.9301
0.6819,0.5671,-1.4881
-0.8959,-1.2118,1.7047
1.9367,2.2884,-0.408
-1.7091,-2.0381,0.5456
0.2711,0.6588,0.8219
-0.6951,0.3844,0.0777
0.5693,-0.8736,-1.4484
-1.8328,-3.4078,1.0946
0.6528,-0.9298,-1.8089
-0.1189,0.4122,-0.5859
-0.3101,-1.5044,-1.758
-1.1188,-0.7095,-0.2029
-0.4793,-4.0176,-2.3086
-0.2349,-0.9442,0.623
1.1209,-0.6202,-3.1191
0.5789,0.1713,-1.8127
-0.1957,-0.8118,-0.6428
-1.6888,-2.4391,2.477
-1.0702,-0.6542,1.7791
-1.912,-1.924,1.06
0.6514,1.6207,0.6136
0.7085,0.7827,0.1707
1.1338,1.2147,-0.3908
-0.7712,-1.2291,-0.241
-0.074,0.1389,-2.2103
-0.3833,-0.1405,-1.3572
0.593,2.6839,1.5174
1.2554,0.8799,-0.6173
-0.8989,-1.1179,1.5167
-0.0459,1.6421,1.1655
-0.3886,-0.1013,-0.011
-0.4023,1.4488,4.4173
-0.3438,-1.527,-0.4759
0.0671,0.3991,0.3307
1.3585,4.0356,2.4592
0.7645,0.2303,-2.6039
-0.8148,0.5744,0.7949
1.3843,2.1239,-2.7678
0.2483,-0.0565,-0.105
-0.2651,-1.2268,-0.274
-0.141,-0.9162,-0.7877
0.445,1.2543,-0.1561
1.3243,1.9362,-0.602
0.9386,0.2895,-1.6101
1.8825,3.0547,-1.5318
0.6423,2.9464,1.0887
-0.6031,-0.5361,2.0382
-0.3682,-1.0623,0.0614
-0.3835,-0.6307,-0.0443
0.1825,-0.2978,-1.1939
0.0405,0.8563,0.0683
0.3153,0.0902,0.7124
0.2008,1.4255,0.32
-1.1406,-1.4477,1.0688
-0.941,-2.4785,0.1365
-0.4651,-1.7953,0.6352
-0.3465,0.4098,2.449
0.4578,0.1863,-1.183
-0.3759,-0.511,0.409
0.2905,0.1262,-0.5208
0.7432,1.783,0.7915
-0.7014,-1.4939,0.2586
0.0617,0.9611,0.1384
2.3036,4.0179,-1.5117
0.302,-1.0105,-2.0567
1.509,2.7237,-1.1091
1.0612,0.3121,-2.1128
-1.1613,-1.796,0.4948
-2.0455,-3.9945,0.4559
0.139,-1.8736,-1.3628
-0.7689,1.1446,4.648
-1.4878,-2.812,-0.1479
1.001,0.5906,-2.0374
1.0114,0.7163,-3.4471
1.0996,0.9834,-2.3511
-0.9182,-1.3599,1.4321
-0.6589,-3.1397,-2.0757
0.3369,1.4786,0.7844
1.1805,1.3825,-1.1322
-0.4101,-0.7533,-0.1183
0.1409,-1.6815,-0.5515
-0.5638,-0.5033,-0.2199
0.7639,1.01,-0.9792
0.3329,0.7624,-0.7314
0.1217,0.0379,-1.6344
0.2009,-0.3148,1.2576
0.8009,2.3213,-0.2471
-1.3314,-2.8506,1.5635
-2.7661,-3.8259,4.3624
0.8141,1.793,0.4018
-0.2006,-0.0627,-0.2686
-0.3961,-0.1527,1.2111
-0.6769,-1.0148,0.7486
-0.241,0.0485,-1.9999
-0.2432,0.0355,0.8485
0.0935,-0.5321,-0.8109
-1.5602,-3.4024,0.8399
-0.2038,0.8104,4.7164
0.8037,0.8523,-0.3418
-0.5563,-0.8615,0.0046
-0.8796,-1.3315,-0.0172
0.5087,2.3444,0.974
0.4562,-0.6574,-1.8989
-0.3651,-0.7936,-0.8239
-0.5626,-1.9927,-0.3323
-2.7633,-3.3023,1.1743
-1.03,-2.0387,0.5762
0.6428,2.2803,-0.2043
-2.2638,-4.7401,1.4476
-1.0204,-2.5537,0.8111
0.9295,3.9373,2.1532
-0.2335,-1.5598,0.3188
-1.9575,-5.4631,1.0604
0.8312,1.2136,1.3695
0.9932,1.5677,-1.8562
-0.5974,0.3112,-0.9139
0.1651,-0.2312,-0.8907
0.8558,2.3538,0.1512
-0.3336,-0.8021,-0.9867
-0.4695,-0.8871,0.0531
-0.1413,0.7749,1.2747
1.2551,2.5721,-0.7319
1.0878,2.1177,-0.9534
-0.2196,1.1394,0.4533
-1.0189,-0.8927,2.7043
-1.0195,-1.6258,1.226
1.0658,0.9552,-0.3832
-0.5179,-1.0751,1.1059
-0.6327,-0.3383,0.9235
0.2742,-0.3519,-0.4446
1.297,2.7871,-1.3615
-1.419,-1.3425,-1.0013
0.6636,0.8677,-0.0317
0.2759,-0.2042,-0.5146
1.2934,2.507,-2.533
-0.723,-2.1247,0.5107
1.7169,2.8606,-1.8429
-1.0219,-1.8311,0.6833
0.7586,2.1083,2.339
0.0405,3.0383,2.7628
0.0841,1.4526,0.6707
0.5979,1.6345,-0.8725
-0.2123,-0.9084,0.7581
-1.7226,-2.9382,1.3868
-0.5195,-0.8801,0.4722
0.4132,2.13,0.1246
2.3337,2.4284,-3.4881
-1.7528,-2.7098,2.1754
0.4311,0.3008,-1.7577
1.4414,3.0037,-0.4744
1.0642,3.4945,-0.4687
1.5445,2.9036,-0.3149
-0.5396,-0.1231,-1.0195
0.7418,-0.0057,-1.3173
0.5785,0.7573,0.1453
-1.4261,-1.9741,2.5595
-2.8723,-2.7828,5.2831
-0.1725,-1.5272,-1.5065
-0.8467,-0.4238,3.8999
-0.678,0.6577,2.2293
0.3081,2.142,3.2302
0.6948,0.8296,-1.7522
1.9242,2.7176,-1.9305
0.0617,1.3213,-0.393
0.7992,3.1235,1.8683
0.634,0.7707,-2.1903
1.9267,4.2093,-1.5107
-2.0559,-2.634,0.8798
0.3506,0.1079,-0.0567
-1.2314,-1.0816,1.3606
-1.0785,-1.1066,0.2342
0.4061,1.8613,-0.4841
-0.0934,-0.6995,-1.3273
-0.2658,0.7839,1.3832
-0.5374,-0.9245,1.0137
0.7453,-0.6061,-1.524
-1.1429,-1.5782,0.7728
-2.3934,-4.1822,1.5454
-0.5059,-1.0753,-0.492
-0.6545,-1.1061,0.7872
-0.3475,0.0837,0.9747
0.147,1.261,-0.3868
-0.1472,0.2045,0.7153
1.576,0.7334,-2.1092
0.1568,-1.4604,-2.8108
-0.2662,1.0443,2.0583
-0.0801,-0.2086,0.9431
-0.3437,-1.4416,0.8439
0.5621,-1.3728,-0.6561
-0.3916,-0.4994,1.0649
0.3607,1.4996,-0.0412
1.5158,2.4327,-2.1285
0.7765,0.9956,-0.2742
0.3887,2.3314,1.0814
0.9066,2.1407,-1.0226
0.3977,-1.014,-4.1846
2.8226,3.8134,-3.5328
0.5263,0.9491,-1.5449
0.2046,-1.0565,-1.0879
1.5004,2.4023,-0.8304
-0.126,-0.3068,-0.8994
0.0574,2.6069,0.6235
0.5458,2.0301,-0.4209
0.9649,1.7585,-1.3556
0.8044,0.7777,-1.1081
0.7483,3.1982,1.3347
-1.805,-3.7692,0.0491
-0.0974,-1.0017,-0.9859
-1.1165,-2.1915,-0.1698
-1.4452,-0.2066,1.5138
1.1489,3.0371,-0.6867
-0.0221,-0.4808,0.7049
-0.367,0.5202,0.6292
0.7317,1.8786,-0.5477
-0.3055,-0.6705,-0.3457
-0.2807,-0.2717,1.4546
-0.9133,-1.6439,0.5736
1.9352,1.5517,-2.8606
-0.0159,-0.2717,-1.3621
-1.6825,-2.7603,1.6017
-0.9561,0.8097,1.4345
0.1409,-0.582,-0.4321
-1.1849,-1.7645,-0.0117
-1.9349,-2.0714,2.0556
-0.2144,0.297,0.88
1.3063,2.0698,-1.1094
-0.1043,-2.7353,-1.6994
0.8379,2.7278,0.0717
1.2198,1.0248,-0.1511
0.6447,3.4952,2.4445
-1.455,-1.116,3.7385
-0.1179,1.2254,0.2569
1.3473,2.1537,-0.2985
1.3772,1.5546,-1.1204
-0.8513,0.1858,0.7529
-1.3355,-1.6681,-0.5846
-0.8113,-0.5878,0.2604
-0.9147,-1.328,-0.2326
-1.1068,-2.0395,-0.5373
-0.4329,0.7303,2.2225
1.0906,2.8832,1.0497
0.6614,-0.7982,-1.662
1.5456,2.1714,-1.4355
0.6128,0.4684,-0.0202
0.7671,1.9918,-0.111
-0.7369,-1.5379,-2.1295
-0.2458,-0.4663,1.5138
-0.5681,-0.9233,-0.8032
1.4945,4.7431,0.83
-0.9438,-2.079,-0.8621
-0.9663,-1.9473,0.3373
-0.5771,-0.7484,-1.5034
-1.3546,-2.782,0.3429
0.2991,1.05,-0.4111
-1.3192,-0.7554,4.1105
-2.396,-4.8559,1.6524
-0.0528,0.2311,0.2964
1.5209,1.4422,-3.8451
-0.6571,-0.8851,-0.1788
-2.3674,-1.5942,3.8601
-0.7659,-1.68,-1.484
-1.0058,-1.8515,-0.0959
-0.9124,-0.6481,0.3537
-0.2931,-0.7511,0.0057
1.6073,3.2822,-0.6962
-0.6224,-0.8668,1.8798
-1.014,-1.1285,1.544
-0.2185,-0.8243,-0.6794
0.057,1.1155,1.6193
-0.7809,-2.3675,0.8091
0.7917,1.1394,-0.2379
1.2312,0.5697,-2.5076
-0.8577,-0.3959,0.348
-0.1718,0.8816,1.7462
-2.1938,-3.9351,0.9439
-0.6689,-0.7231,0.4191
0.3531,-0.0545,-0.6213
-0.4136,-1.7159,0.1815
1.3915,3.5418,0.3432
0.2104,0.2146,0.3507
-0.4717,1.646,1.9211
0.9803,0.3597,-0.9514
0.7917,1.0609,0.005
0.5651,1.0333,-1.8682
0.0642,0.6509,0.1342
-0.6157,-1.9564,-1.0802
-0.0015,1.1589,0.9618
1.3872,1.7255,-0.5656
0.4955,2.2409,1.414
0.7536,2.1651,0.349
-1.0987,-1.7054,-0.2545
-2.2062,-4.5621,1.7375
-1.0641,-1.3261,0.34
0.1169,1.1351,0.3002
-0.0758,-0.1487,-0.5017
1.3341,1.8453,-0.8169
-0.1954,-1.8696,-2.1239
0.7723,1.0503,-0.8107
0.4238,0.6306,0.9675
-0.431,-0.5291,0.4153
-0.5512,-1.4377,0.5005
0.5655,1.3551,-1.0307
0.5233,0.7873,0.4136
1.2284,2.5318,0.4678
-0.1584,0.1343,1.4534
-0.6955,-1.0907,1.2699
-2.3426,-3.2148,2.6179
-0.6612,-3.0761,0.0894
-0.8,-1.6017,0.2716
0.3796,-0.845,-1.2703
1.2941,1.6866,-1.2482
1.3001,2.2072,-1.5564
-0.2149,-0.5732,-0.5326
0.2625,1.3602,-0.5063
-1.8093,-2.3595,1.7749
-1.2361,-2.1238,2.1955
-0.8112,-1.0332,0.8493
-0.0689,-0.7934,-0.4501
-0.6658,0.1725,1.4076
1.3895,2.1609,-1.4956
1.0127,3.0213,1.2175
0.6665,0.7375,-0.2834
-0.7575,-0.0546,0.779
-0.6957,-1.3338,0.9742
-0.3907,-0.6155,0.0282
-0.7742,-2.159,-0.3682
1.2409,1.931,-1.0571
-0.4556,-0.4578,2.6988
0.493,0.9408,-0.0942
0.5607,-1.1706,-4.3104
1.3101,3.0888,0.721
-0.3256,-0.7095,0.1407
-0.6776,-1.0113,1.7615
0.6056,2.0145,1.0736
-1.1291,-2.9263,-0.7862
-0.0032,-1.2506,-1.4347
0.1683,1.2225,2.1202
-1.3667,-2.1108,-0.2741
1.3847,2.206,-1.4074
1.6289,3.2264,-0.6815
0.3032,-0.424,-1.7205
-2.0603,-3.8101,2.6647
-0.6479,-1.0382,0.3247
-0.5704,-0.18,2.7491
-0.4815,-0.2373,0.6902
-0.7047,-2.8752,-0.8071
-0.6229,-0.8482,0.2901
0.3,0.4723,-0.6608
0.3531,-0.4614,-2.2051
-0.7807,-1.5936,1.1365
1.4346,2.9094,-0.5993
-1.5258,-2.69,0.6707
0.1872,0.3413,-0.3922
-1.0131,-1.2228,0.8325
0.8014,4.087,1.8283
-1.2704,-2.1911,0.4177
0.7074,1.6466,-0.2258
-0.8754,0.4785,2.8
1.1627,2.8514,-0.7911
0.0719,0.1497,-1.1265
0.2395,0.1622,0.237
2.1071,3.6245,-1.1564
0.7903,1.8761,1.067
0.0429,0.5664,-0.2578
0.4184,2.5299,1.0422
1.5342,2.8361,-1.426
-0.2734,0.6252,0.7009
-1.8484,-2.8887,-0.4148
-0.4758,-0.3018,1.9018
0.447,1.2607,0.3306
-1.6479,-4.4657,1.4569
-0.5332,-0.2978,0.7183
0.6744,0.1144,-0.9546
-0.8497,-0.6963,0.5903
-1.5073,-2.0893,0.3225
0.9708,1.2902,-1.2573
-1.8273,-2.1245,1.3365
-0.9734,-0.1505,1.9238
1.4581,2.228,-2.3366
0.139,1.4076,-0.0967
0.4798,0.3389,-1.4968
1.3848,1.6965,-0.729
-0.3852,-1.1917,0.3309
1.3723,2.0901,-1.1592
-0.1886,0.0842,0.4597
0.5747,0.7542,1.028
0.2398,-0.6727,-0.8469
-0.2645,0.4553,0.7544
-0.8741,-1.3182,0.2039
-1.4659,-3.6375,2.9544
0.526,1.6609,-0.2211
-0.6618,-1.4157,1.3939
-0.1025,-0.7374,0.8908
1.6145,1.039,-2.6681
-1.3376,-3.0887,-1.8128
-1.199,-1.6158,1.9832
-0.0962,-0.6056,0.288
0.1831,1.7676,2.1865
-1.6797,-1.1545,2.5333
0.5223,0.4823,-0.367
1.5124,1.9288,-1.1699
-0.4607,-1.4833,-1.933
2.1345,5.0709,-0.2734
-0.4806,-1.9605,0.467
0.3959,2.5437,-0.5794
1.968,2.2753,-2.5539
0.4136,0.9936,-0.0749
0.7011,2.7458,0.3594
-1.2728,-1.8212,1.091
0.9037,0.144,-3.5208
-0.8467,-0.702,0.4249
-1.2324,-2.8912,0.779
0.6423,-0.0255,-2.1866
1.0264,2.0944,-1.2295
-2.3357,-3.541,2.3247
0.611,2.5101,0.3384
-0.8207,-0.43,1.8451
-1.374,-3.4429,0.0122
2.0519,3.1188,-1.1384
-0.1165,-0.7486,-1.2641
-0.0529,-2.3049,-1.5696
0.4242,0.931,-0.1919
-0.4989,-0.217,1.6685
-1.3093,-3.1938,0.8102
-0.2911,0.7279,1.568
-0.8991,-0.3663,2.2529
0.3343,0.8054,-1.2095
-0.4677,-1.6875,-0.0643
1.9611,2.7471,-0.3278
-1.8947,-1.533,4.8588
0.7861,-0.2547,-1.2037
1.6747,3.7678,0.1741
-0.2743,-1.4171,-0.2562
0.8303,-0.5694,-0.8519
0.1745,0.9866,2.0203
0.9877,3.2497,2.2107
-0.0028,-0.2057,0.6721
0.18,1.0902,1.2155
1.2972,2.9785,-0.7113
-0.1695,0.9326,0.4133
1.1229,1.9262,-1.4266
-1.1361,-2.1721,-0.4047
-0.4393,-2.6011,-0.4463
1.5036,2.6652,-0.8913
-0.6265,-0.6491,1.0394
0.2907,0.7316,0.6808
-1.629,-1.3824,0.1576
-1.6433,-2.9639,0.2548
0.2738,1.2448,1.1072
0.053,1.3578,-0.2973
-0.1777,1.8072,0.766
-0.6752,1.2415,1.7874
0.5672,1.3772,0.1285
-0.6598,-2.0118,0.0526
-1.1337,-2.6081,1.7032
-0.1915,0.068,0.2194
-1.5681,-1.8383,1.5211
1.0267,0.4719,-1.1543
-0.3955,-0.4735,0.4611
-1.674,-1.1694,2.9428
-1.1824,-0.6686,1.8267
-0.2615,-0.1893,1.9386
1.0823,1.4236,-0.6833
-0.9371,-1.7357,1.1605
-0.6806,0.2728,2.7342
0.7552,-0.1818,-2.7922
-0.2373,-2.1649,-1.9006
1.5324,1.7822,-1.327
1.0235,0.204,-1.4731
-0.4617,-0.6937,2.1727
-0.5793,-0.6754,0.5295
-1.7966,-2.9569,0.0455
-0.1822,0.9455,-0.2111
-1.3318,-2.2947,0.9038
-0.5566,-0.2519,0.0296
0.2495,-0.8681,-0.5663
1.5388,2.4066,-1.5409
1.4177,2.2076,-1.8268
-0.3825,-2.0879,-0.6962
-0.1923,-0.7371,0.2327
-0.1647,0.3342,1.5796
1.3755,2.4584,-1.212
0.4846,0.1845,-1.0934
0.2594,1.178,0.2279
0.7117,0.8128,-1.4009
-1.57,-2.0098,0.7141
1.3917,2.3457,-1.3057
0.4236,1.2405,-0.3311
0.6997,-0.0982,-0.8174
-0.0393,1.524,1.1619
-0.5989,-1.2609,1.4591
-1.2476,-1.564,0.9883
0.7163,2.5516,0.7258
-1.5878,-1.0274,2.3542
-1.2945,-0.3964,2.2043
0.452,0.1418,-1.69
-0.7775,-0.3805,-0.4598
0.4149,0.7588,0.0832
0.5415,2.5119,-0.1099
0.2148,-1.1828,-2.0642
-0.2793,-1.1326,-1.5284
-0.3572,0.6082,1.7938
0.2723,1.17,0.195
0.8056,0.9798,-0.6099
0.9147,0.7622,-1.8606
-0.591,-1.1669,1.0606
0.9314,1.4615,-0.2877
1.0102,0.6787,-1.5025
1.0897,0.2327,0.1723
0.2752,-0.0437,-2.1372
0.7738,2.5097,1.3759
-0.1012,1.0021,1.8811
-1.3657,-2.8502,-1.7135
1.4589,1.163,-2.7475
0.3708,-0.7995,-3.0546
2.3277,1.7792,-4.2573
-0.2841,-1.153,0.5008
0.3231,-1.144,-1.6049
0.1811,-0.6504,-1.4302
0.1546,-0.0145,-0.6452
-1.3474,-1.3917,2.2668
-0.1929,0.1345,1.1601
-0.5863,-0.7154,1.8384
-0.7246,-1.183,-1.1047
-0.4655,-0.0948,0.3151
-0.998,-1.7409,0.0787
0.5197,2.255,-1.3884
1.889,2.9228,0.16
-0.9766,-0.1619,2.942
-0.5523,-0.571,-0.5118
0.0079,0.2559,0.3711
-0.882,-1.5246,1.0078
-0.1877,-1.2743,0.4242
0.7222,2.6067,2.0826
0.9858,2.2755,-0.7798
-0.5011,-1.1163,1.2474
1.297,2.0343,-0.547
1.5938,1.0776,-1.1839
-0.2514,-0.6629,-0.4105
0.2812,1.9864,0.506
0.11,-0.8991,0.1348
-1.7337,-1.7154,0.9511
0.4726,-0.9675,-0.6926
2.0305,3.5827,-1.781
1.2359,1.3351,-0.9841
0.5389,2.3,0.3306
0.2651,1.1791,-0.8907
-1.5088,-2.989,1.1873
0.5802,0.4176,-0.456
0.8307,0.6948,-2.0526
-1.0507,-2.2047,0.4816
0.4818,0.8601,-0.3083
0.237,2.1932,-0.1892
0.0729,0.6256,0.3921
0.0466,1.1974,0.5489
-0.1841,0.1779,1.8275
-0.3984,0.5836,2.5799
-0.7017,-0.3369,1.2164
0.0667,1.605,1.27
-1.9012,-4.325,0.8216
-0.0529,-0.5599,0.0969
0.0049,-0.7494,-0.9852
0.4696,2.0321,-1.453
2.2812,4.7146,-1.1623
0.69,0.8906,-0.1393
0.4586,-0.1695,-2.0369
-1.3035,-0.5037,2.0926
-0.7462,-0.0295,-0.1181
-0.0221,-0.2493,0.6835
-0.5314,-0.6963,1.267
-1.0271,-3.1159,-1.4729
-0.5206,-0.9436,0.2823
0.4093,-0.6294,-1.208
0.5109,1.7033,0.8638
-0.9027,-1.6933,2.1228
-1.6708,-3.1459,0.9526
-0.013,1.4249,0.8131
0.9586,0.8684,-0.6048
0.7452,0.6293,0.8903
0.1959,0.6357,-1.0181
-0.0096,0.3363,-0.348
0.7188,0.0338,-2.6779
0.1707,-1.5152,-2.2413
1.9979,-0.0524,-5.0793
-0.4199,-1.3182,1.01
-1.6221,0.3939,4.1316
-0.0511,-0.8729,-2.7445
-1.3076,-0.7848,1.3932
-1.0779,-2.8051,0.1238
-0.1956,-0.5766,-0.663
-1.1583,-2.1215,-1.3247
-0.3203,-0.8439,0.5586
1.6531,3.8359,0.4485
0.4576,1.4153,-1.1789
-0.3787,-0.0868,1.0146
-1.5829,-2.6847,-1.1392
0.0171,-1.048,-1.3412
1.2877,0.3597,-2.816
1.2946,0.7385,-2.5559
1.3816,1.262,-2.6451
-0.9559,-1.9903,0.2562
0.3375,0.4302,-0.0886
-0.7055,-0.7763,1.4176
0.7998,2.1563,0.4861
-1.6648,-1.0162,2.7485
1.3309,3.8204,0.2042
0.0547,-0.0418,0.6548
-0.3239,-1.3945,-2.1873
-1.4661,-1.3734,2.423
-0.3576,0.1822,-0.0379
-0.3557,-0.1154,2.4138
0.0332,0.2984,-0.5043
1.0899,1.3334,-2.0965
1.6526,1.9363,-0.5224
0.5239,2.4495,1.4293
-0.9901,-0.123,3.3882
1.0834,-0.1934,-2.4847
-0.0577,-0.7526,0.4068
-1.4956,-3.743,0.2095
0.6219,1.5042,0.3108
-0.9611,-2.2884,-0.9653
1.3705,1.0021,0.0438
0.3293,1.2207,1.8621
-0.6473,-0.4775,2.2713
-0.8914,-3.3031,-1.424
-0.2974,-0.0725,-0.0456
1.3205,2.5762,-0.2393
-1.3993,-2.5157,3.2294
1.1914,2.7073,-0.8303
-0.9633,-0.6644,1.6669
-1.8341,-3.494,1.0585
1.9338,4.2006,-0.7625
-1.974,-1.3981,2.6187
0.8351,0.5698,-1.2047
-0.5231,-1.6179,0.4296
-0.4753,-0.9588,2.4327
-0.4135,0.2533,1.2087
-0.1755,-0.4367,-0.086
-1.4519,0.0261,3.0806
-0.3951,-1.534,-0.0396
0.8722,0.9719,-0.692
-0.5322,1.1639,2.1639
2.0648,4.5471,-0.258
0.9446,2.7928,-0.4398
0.6546,1.7316,0.0965
-0.6083,-0.1544,0.0507
-0.8327,-0.9095,1.2752
0.0158,-0.3721,1.3435
0.7144,-0.1338,-1.8975
-0.0112,-0.1862,0.1474
-0.358,-0.3908,0.7061
-0.5464,-0.6164,0.8528
-0.394,-1.6504,-0.6199
-0.0595,0.3674,1.1529
0.6649,2.9648,0.1582
-0.2408,-0.8552,1.1791
-0.7575,-0.4738,0.3627
-1.1875,-1.5882,0.2926
0.0332,-2.0207,-1.8983
0.7225,0.569,-0.9138
-1.2299,-2.3726,2.1333
-0.4955,1.0301,1.5659
0.2169,-1.8952,-2.2062
0.1454,-1.2721,-0.9436
-1.543,-3.0865,1.3896
-0.4814,0.4148,2.1771
0.538,0.1801,-0.6884
-0.7492,-0.8909,-0.0864
1.4421,2.7287,-0.3859
-1.2853,-2.4039,0.4882
0.0525,-0.4443,-0.4861
1.3992,3.5089,2.1459
0.5324,0.7603,-0.2093
-0.1438,0.444,-0.0251
0.3538,0.3479,0.1607
0.7659,1.1107,0.0344
-0.9413,-1.6783,0.8954
0.0291,-1.4914,-1.5569
-1.4216,-2.1455,3.4617
-0.119,-1.0323,-2.1618
0.9962,1.3884,-1.1658
-1.1123,-1.9423,0.8287
0.0265,0.486,2.4037
0.6779,0.1315,-1.3728
-1.7322,-3.7181,-0.2385
-0.3346,-0.8159,-0.2779
0.2227,0.2384,0.282
0.2686,1.388,0.5056
-0.3931,-1.8854,-0.0082
-0.3798,-2.3964,-1.6256
0.9214,0.0655,-3.3825
-1.3816,-1.9509,1.8122
0.8029,1.3853,0.2791
0.799,-0.082,-2.1619
2.4482,3.5579,-5.5669
0.9696,1.2497,-0.6284
-0.4941,0.7929,1.0675
0.5981,0.2102,-0.9286
0.4395,0.0197,1.2383
0.346,-0.6765,-1.7152
0.1261,-0.9514,-0.4356
0.4158,0.3734,0.6943
-0.0169,0.7741,1.4606
-0.9391,-2.7088,-1.4203
0.0824,-0.2143,-0.9465
0.3496,0.1152,-2.5159
-1.0227,-1.4518,0.003
-2.234,-3.6497,1.3841
0.411,0.6015,0.8481
-1.0893,-1.275,1.3193
0.5561,-0.8639,-0.7442
-1.402,-2.1332,1.6481
1.4501,2.0029,-2.1178
0.3143,1.6332,-0.4666
0.4509,0.7633,-0.7343
-1.9944,-4.1694,1.4611
0.0456,0.7296,2.201
-0.0921,0.7035,1.9512
0.3763,-0.4469,0.1795
-1.0803,-2.0606,0.9198
-0.8974,-0.5726,2.6805
-1.3886,-1.7203,0.512
1.0535,2.3437,-2.7365
-1.2058,-3.4643,-0.3287
-0.1146,-1.9544,-2.5117
-1.1338,-2.1186,1.3223
0.2835,-1.5867,-1.215
0.4953,0.3043,-2.4582
0.3153,-1.368,0.0814
-1.8597,-2.5178,2.1541
0.6794,1.6485,-0.2256
-0.0309,1.0041,1.0154
-1.2801,-2.1577,2.2773
-0.4828,-0.6654,0.2974
2.546,3.4272,-2.1684
-0.1201,-1.6686,-0.7816
0.1103,1.7429,1.346
-0.0087,0.1011,1.8808
-0.3188,-0.3232,-0.4957
0.2918,-1.2756,-0.2375
-0.4405,-1.4289,-0.5517
2.9044,4.6325,-4.2409
0.4758,2.4254,0.7543
-0.147,-1.3531,-2.2319
-0.4318,-1.1253,0.2684
-1.4881,-2.0608,0.2977
1.0096,0.6291,-1.7775
0.3887,1.331,0.1858
0.7384,0.5038,-1.1931
-1.3913,-0.7696,1.4516
-3.4949,-7.034,0.9496
-0.6147,-0.6416,0.9734
1.5659,0.9125,-1.8445
0.9432,1.7981,0.173
0.7809,2.0097,-0.8595
-0.6709,-0.3364,0.7521
0.2539,3.4882,3.2985
-1.639,-2.781,1.9792
0.8715,0.848,-1.9661
-0.0985,0.5553,-0.2121
-0.6102,-1.4312,1.7271
-2.1624,-3.3343,2.7224
-0.7757,-2.9107,-2.0556
0.4564,-0.4113,-0.4957
-0.6336,-1.1546,-0.2106
-0.309,-2.2952,-2.3041
0.1434,1.3259,0.6087
1.0724,1.7543,-1.6957
-1.3696,-1.74,1.7337
-1.5138,-1.8472,0.0973
1.6776,1.2288,-2.1531
-1.0252,-2.1758,0.7329
0.6895,2.597,1.5147
-0.0181,0.5735,0.1748
-2.979,-4.0688,1.798
-0.2859,-0.882,-1.4447
-0.5,-1.7789,-0.2701
0.6147,-0.6536,-2.1578
1.3293,0.4299,-2.9237
0.81,1.1974,-0.2338
-1.457,-1.993,1.5443
-0.932,-2.1393,0.6817
0.1776,2.8725,2.5671
-0.6315,-1.0051,-0.9092
1.142,-0.2457,-4.6159
1.0559,0.8616,-2.0032
-1.1716,-3.1213,-2.287
0.2824,1.2849,-0.3846
-0.2148,-0.0153,1.6273
-1.209,-1.9909,-0.0432
-1.1773,-0.9934,0.9916
-1.9182,-3.564,1.8408
0.141,0.7471,-0.1598
-0.9303,-1.3557,1.6476
-0.1677,0.5613,1.7402
-0.3554,-1.707,-0.7387
0.149,-0.1282,-0.7289
0.539,1.0354,-0.2788
-0.8492,-1.175,1.7987
-1.5777,-3.2775,0.2028
0.0052,-1.6612,-1.821
-2.1878,-2.7153,1.2044
-0.1489,-0.826,-2.6013
0.6484,2.5823,0.4691
-1.0801,-1.4766,1.3032
-0.9328,-1.7023,-0.2524
0.0079,1.6284,1.833
0.3216,0.3717,-0.8451
0.4266,1.3329,1.871
0.5722,2.3348,-0.8497
-0.704,-1.6093,-0.8597
-0.4451,-2.0972,-0.8651
0.3786,2.09,0.3124
-0.7074,-1.1045,0.9833
0.5145,-0.1052,-0.9538
0.9148,2.9228,0.5796
-1.9658,-5.1152,-0.6262
0.736,0.8125,1.2725
0.8541,2.1223,-0.6551
-0.4785,-2.2438,-0.062
1.2478,1.3774,-4.0311
-0.3279,0.5292,1.6475
0.3087,0.6146,-0.4278
-0.4199,0.0916,1.4396
0.8203,1.3546,0.4266
-0.3096,-2.2558,-0.2145
0.6726,0.7695,0.2127
0.0047,-1.9711,-1.4645
-0.6617,-0.8432,-0.3611
2.5105,3.9692,-2.2226
0.3384,-0.1351,-1.0123
1.1212,0.9044,-0.0674
0.0659,2.4949,1.212
0.835,1.4511,-1.9221
-1.3545,-1.9417,0.9587
0.1972,0.387,-0.9725
0.9851,0.9221,-0.6973
0.806,1.7648,0.2222
0.4961,-0.7405,-2.6829
0.1041,0.0339,-0.2153
0.6677,1.322,0.0128
-0.8814,-0.4302,0.9392
-0.2659,0.2569,0.2887
0.5441,0.7658,-1.3765
0.9969,0.8641,0.6452
0.048,0.3143,-0.3565
-0.7798,-1.7622,-0.3873
-0.9524,-2.8568,1.6427
-1.3246,-1.585,2.5837
-0.796,-1.6094,0.8296
-1.0448,-1.6287,1.979
-1.1468,-1.3291,2.0664
-0.3875,-0.4602,-0.0756
-0.0883,-0.652,-1.0401
-1.8149,-2.4299,1.9738
2.1115,3.1626,-0.6082
1.564,2.9692,-1.876
1.3756,3.2175,-0.7794
-0.302,-1.1398,-0.8127
0.1232,0.0417,-0.0368
3.0673,4.0028,-2.2149
0.6168,-0.5861,-2.553
1.2101,1.6185,-0.8527
-1.0379,-1.2251,2.2717
0.1468,-0.0419,-0.1055
-0.3871,-0.9158,1.0111
2.1265,2.7383,-0.59
0.1713,-0.0026,-1.0394
-3.0293,-4.8359,3.7816
-0.5711,-1.4113,0.219
-0.3124,-0.0178,-0.3914
-0.4009,-2.8227,-2.0196
-0.0818,0.1841,0.0667
0.1244,-1.8167,-2.5345
1.5964,4.009,-1.067
-0.8848,-1.4132,1.3679
-1.0712,-2.6285,-0.7044
-1.0979,0.2874,4.0988
0.5908,0.5357,1.8146
0.4905,0.8685,-0.8718
-1.0585,-0.9689,1.8088
-0.2657,-1.3792,0.0897
1.3007,-1.08,-5.1427
-1.1443,-0.8724,2.0359
-0.975,-1.6403,0.1378
0.364,-1.9271,-2.151
0.7283,3.0603,0.8013
0.5353,1.4666,0.0248
1.314,2.2567,0.0187
-0.9191,-1.6214,0.5326
-0.1133,1.3754,0.8609
-0.0397,0.8947,1.2466
-0.2001,0.4069,1.1146
0.4939,0.2169,0.0143
0.7065,2.4698,1.9359
0.431,0.4734,-2.1886
0.6532,1.7866,-0.6037
-0.6821,-0.31,0.9885
-0.0196,-1.2216,-1.6277
0.523,2.3439,1.2554
-0.7967,-2.1413,-1.1985
0.5172,0.6579,-1.3856
-0.5234,0.0599,0.2354
0.9153,-0.2552,-1.8336
-1.5413,-3.0412,-0.7125
1.0874,0.8218,-1.7439
-1.2756,-1.6102,2.5123
0.8031,0.9885,-0.4551
-0.664,-1.8486,-0.3161
0.0812,1.0723,0.7515
0.9795,2.8822,2.5194
0.6976,-0.389,-2.7612
1.3547,3.3858,-0.4959
1.1265,2.143,-1.0433
-1.3218,-1.2311,0.4534
1.3079,2.6045,0.8287
-1.8711,-1.6604,0.1173
0.2048,0.8214,0.6161
-0.3334,-0.9215,0.1968
-1.3805,-1.6188,0.6987
-0.6667,-1.6861,-0.6669
-0.921,-0.8715,0.504
-1.1337,-0.2851,2.0325
2.3373,4.7597,-2.3476
1.988,2.1059,-1.9857
-0.777,-0.6822,0.1879
-0.5358,-0.9609,0.1625
-0.9011,-2.0222,0.4053
-0.0306,0.0786,0.4526
-0.7539,-0.0649,1.1342
0.2991,-0.1404,-1.1259
0.8839,1.5868,-1.184
0.6163,-0.8294,0.3361
-0.4758,-0.8158,-0.688
1.1016,2.4992,1.5624
-0.24,0.6196,1.3207
1.0828,1.7308,0.5768
-0.6344,0.0395,2.2402
-0.8787,-1.1472,1.7912
-0.3669,-1.9974,-2.1141
0.2841,-0.7187,-1.769
-0.2597,0.6,0.7393
0.7037,-0.0408,-3.6808
-0.2653,2.0048,2.4458
-1.0401,-0.4725,0.531
-0.706,-0.8853,1.9355
-0.6457,-0.7016,1.149
0.905,0.06,-2.1075
0.4339,-0.7924,-0.1252
-0.5633,-2.3702,-0.1984
-0.0137,-0.8466,-1.8034
-1.669,-2.5126,-1.5882
0.5908,0.8192,-0.6516
1.3845,2.4397,-0.9663
1.6875,2.9252,-0.4758
0.1917,0.8982,0.1376
-0.5275,0.2005,1.2646
1.332,0.1597,-1.2685
0.8372,2.2611,2.178
-0.3133,-0.117,0.7866
-1.2321,-3.183,-0.6191
0.6995,2.6111,1.2929
-2.2358,-3.8193,2.5188
1.2617,3.0294,0.0742
2.3758,3.532,-3.0611
-0.2393,-2.844,-0.6277
-0.9235,-0.555,1.2632
-0.077,0.2983,-0.4473
0.1199,-0.6504,-0.1689
-1.0031,-0.7456,0.626
0.2998,1.5767,0.4144
1.1864,1.4421,-1.0228
0.081,-0.5942,-1.0505
0.4795,-0.2048,-1.9644
-0.2306,0.4031,-1.4363
-1.3786,-0.4687,2.3229
1.3371,1.9968,-0.3297
-1.357,-1.6122,0.9811
0.1525,0.0181,-1.705
1.3506,0.2912,-1.8125
-0.1165,-1.1598,-0.8015
0.1576,0.0897,0.2415
0.5145,1.8289,1.1292
2.3473,4.4117,-1.9659
1.6225,2.405,-2.2013
-0.4421,-0.0742,2.4049
1.0038,2.4933,-1.4612
-0.8619,-2.1474,0.3632
-0.6725,-1.7301,-1.8486
0.1144,-0.2393,-1.1491
-0.1576,1.3421,3.6144
-0.3307,-0.6505,2.2735
-0.6708,-0.7362,1.3298
-0.7299,-0.3984,1.0681
-0.8618,-1.5654,0.906
1.4227,4.0138,1.1913
1.1519,2.0891,0.4219
1.3127,2.4403,-0.4898
0.7259,1.5581,-0.8411
1.2987,0.3985,-0.9699
0.2038,0.4356,0.1346
-1.463,-4.351,-0.1884
-0.5726,0.3009,-0.4004
-0.1071,-1.7334,0.7018
-1.6157,-0.8963,3.8454
-0.7227,-0.3548,2.7693
-0.9133,-2.5369,0.2733
-0.8091,-2.1354,0.463
-1.4098,-1.9195,0.5405
-0.7189,-1.2381,-0.2736
-2.1653,-3.2324,0.2071
-0.0822,1.4339,0.3631
1.5578,1.3078,-3.8067
1.446,1.2398,-1.4099
1.0443,2.1613,-1.2838
0.604,1.7112,0.9798
-0.2625,0.9279,-0.1872
-0.3918,0.6173,1.3825
1.2411,1.8879,0.4418
-0.4501,-0.9108,1.2437
-0.93,-1.5476,1.0447
-0.5703,-0.771,1.602
-1.1758,-1.6957,1.6442
1.7901,4.0482,-1.4468
-0.736,-1.1898,1.5305
0.8506,1.7177,0.5615
1.4263,2.6867,0.167
1.2789,-0.1183,-2.126
-1.0223,-3.1474,-3.2382
0.747,0.8534,0.3732
-0.4282,-0.1522,-0.518
1.0343,0.8019,-0.4623
-1.116,-2.0566,-0.0951
0.1587,-0.4291,-0.6031
0.2029,2.6461,1.4238
0.4782,-0.2378,0.5398
-0.3971,0.4339,2.1792
-1.4428,-2.5933,1.8301
-1.4572,-2.1138,0.1841
-2.1513,-4.2008,2.1008
-0.1452,-0.7388,-1.0405
0.5788,1.9889,0.6798
-1.4703,-0.5777,0.3683
1.4638,0.5646,-2.5403
0.1698,1.2603,-0.1942
0.314,-0.4472,-0.3764
1.012,1.5078,-1.0432
-1.311,-0.8978,3.159
1.1004,0.6642,1.3751
-1.375,-5.1579,-1.2908
-0.9582,-0.3343,2.8056
0.7564,2.0346,0.3055
0.2131,0.1616,0.4578
-1.0973,-2.3286,-0.1001
0.7712,0.0126,-2.2799
1.3436,0.9531,-3.8764
-0.8844,-1.9168,1.5114
1.6885,2.8801,-0.8758
1.3711,1.0366,-1.5815
-1.5312,-3.5849,1.3761
1.0032,2.4566,-0.7477
0.6422,0.1842,0.1058
-0.1674,-0.862,0.488
-0.4273,-0.2551,1.6427
1.6432,3.1987,0.1298
0.8447,0.9035,-0.8206
-0.4016,0.5349,1.8334
-0.609,0.1184,0.3809
-0.7753,-1.4454,0.0484
-0.3463,-1.8201,-2.5064
-0.3947,-0.9685,0.4775
0.0117,0.9331,0.4455
1.2513,1.5435,-2.4679
-0.4371,-1.6081,1.111
-1.7618,-3.6817,0.3302
0.1252,0.4089,0.5822
1.4822,1.27,-2.7803
-0.2902,-0.7057,-0.7816
1.0591,1.3481,-0.2345
-1.0669,-1.9379,0.7637
0.0289,0.3528,0.0028
-0.3137,-0.5956,-1.6099
0.6586,0.0045,-1.2551
0.3217,-2.4381,-3.4947
-0.0129,0.0829,-1.1165
0.6202,1.128,1.5007
-0.2278,-1.0285,-1.2691
-0.8162,-1.0459,1.0451
-1.9027,-3.0988,0.1424
1.0388,0.9153,-1.6817
-0.4541,-0.756,2.264
-1.1182,-1.1309,2.2847
0.154,-0.5502,-0.12
-0.2059,0.5055,-0.1797
0.6628,2.0499,1.1894
-0.266,-0.2501,0.7106
-0.5712,-2.2394,-0.9084
-0.4576,-1.6415,1.2027
-0.5747,-0.7445,0.883
0.1296,1.0564,0.2192
1.0724,2.5746,1.1156
-2.2135,-3.1401,1.2964
0.0829,0.8845,-0.1802
-1.7264,-2.1403,-0.2278
-0.8678,-1.4942,-0.9831
-0.5346,-1.0213,2.6483
-1.3727,-0.1385,2.7793
-0.6156,1.5126,3.0154
-1.0079,-0.8452,2.525
1.6595,1.8123,-1.2758
-1.3172,-2.2643,1.8691
-1.783,-4.1942,-0.4023
-1.4315,-4.0575,1.5088
0.6632,1.7261,-0.242
-0.8832,0.1449,1.992
1.2315,2.4522,0.2748
-0.6237,-0.6955,0.1169
-0.2108,-1.5065,-1.7422
-1.5796,-2.3736,-1.8062
0.1946,0.1645,0.6162
0.0776,1.015,0.8024
1.0593,0.6755,-2.8374
0.6214,-0.0783,-2.3359
0.1008,1.8881,2.1985
0.3417,0.1895,-0.1675
1.3225,1.758,-0.9049
-0.6937,-0.6666,-0.2616
0.8972,1.1825,-1.3259
-0.8711,-2.4404,-0.0247
0.1766,2.7809,2.107
1.1173,1.5394,-0.9165
-2.0645,-4.234,1.8866
-0.0352,-0.2081,-0.8153
2.0508,4.5049,-1.3354
1.0687,1.1646,-1.2865
0.5246,-0.082,-1.5486
0.4136,0.727,0.4596
-1.1963,-1.1234,1.5293
-0.9665,-2.5979,0.6408
-0.5863,-1.534,-0.8631
-0.9227,-3.1565,-1.9541
1.9423,1.8916,-2.8197
0.3536,0.3029,-1.3634
0.7252,1.096,-0.4996
1.6018,3.1173,-2.1975
-0.9712,-1.6081,1.6133
-2.2409,-3.8675,1.9474
-0.1257,-1.4844,-0.9346
-0.5272,-1.0493,0.6181
-0.1626,0.7233,0.3185
-0.384,-0.1571,-0.8956
0.4754,1.3311,-0.253
1.1662,1.6662,-1.073
0.069,-0.254,-0.8711
1.0162,0.917,-1.7552
-1.078,-2.2057,1.1144
-0.4456,-0.8959,-1.2368
0.3296,2.1601,1.3495
1.0138,0.837,-0.3629
-0.2629,-0.0549,0.441
0.0849,-0.1186,-1.159
0.8942,2.0708,-0.2435
-2.2045,-2.0436,2.7886
0.2165,-0.3061,-0.862
0.804,1.4639,-0.2418
1.3863,0.4709,-2.9381
0.7775,3.4379,1.1725
1.067,3.6121,0.9477
-0.0811,-0.5935,0.6284
-0.5816,0.0211,1.2948
0.2159,2.0635,1.9152
-1.1029,-0.4734,1.0251
-0.3317,-1.9555,-0.7157
-1.1844,-2.1042,0.3135
2.9069,5.3732,-0.3629
0.326,1.4999,-1.015
-0.76,-0.9165,0.7322
1.6609,1.0658,-1.4073
0.6661,-0.3761,-1.3236
1.7785,2.6687,-3.0133
0.1395,-0.4463,-0.7363
-2.3199,-3.4789,3.5851
-2.1466,-2.1688,2.1658
0.7575,1.2938,-1.3745
0.0309,1.0261,0.7116
-0.7903,-0.4198,1.4924
-1.5847,-0.8878,1.9034
-0.2392,-2.3403,-3.1725
1.3611,3.2715,0.3025
-0.2094,1.1755,-0.2409
0.3128,0.7617,0.4236
-0.0609,-0.2103,0.0179
-0.7159,-1.5043,-0.337
-0.5906,-1.7848,-0.4042
0.1213,-0.574,-0.9022
0.8591,3.5738,0.7487
-0.4939,0.0106,1.8233
0.7991,2.2902,0.7425
0.073,-2.7907,-2.1423
-1.0975,-2.1055,1.764
0.9057,1.1446,-1.9141
-0.5038,0.111,0.8893
-0.038,0.8904,0.462
-0.2464,-1.2541,-0.0864
-0.0134,0.4719,0.7147
-0.753,-0.2009,0.2935
-1.0761,-0.976,0.2891
-1.6513,-3.1198,0.0845
-0.1039,-0.2876,-0.0898
0.8577,1.8625,-0.9978
0.1468,1.2464,1.7678
-1.0206,-1.6141,-0.3484
1.1951,1.1974,-3.1802
-0.18,0.4172,0.1687
-1.0134,0.1317,1.6355
-0.1189,-0.6336,0.121
-0.8898,0.1268,1.8959
0.4896,-0.083,-1.4568
1.2171,1.7205,0.2931
-0.6998,-2.127,-0.9225
-0.6154,-1.4294,1.9052
-0.8401,-2.1347,0.3198
2.2332,3.7757,0.0231
-1.0399,-1.0054,1.1488
-0.9879,-0.1526,0.9712
-0.6847,-1.5364,-1.5934
2.3382,5.2758,-0.2211
-0.2519,-1.1305,-1.1202
-0.1947,1.6425,1.1856
0.2824,0.9639,0.3832
-1.294,-1.737,0.8777
-1.5667,-1.3882,1.5322
0.983,0.2999,-2.3602
0.3335,0.9852,0.4632
1.7089,4.3676,1.8474
-0.3372,0.1219,0.4812
0.5837,3.9119,3.228
-0.4567,-0.8155,-0.0201
1.8041,4.2744,0.1931
0.5766,1.444,-0.7952
0.3996,0.6836,-0.2074
-0.0529,0.5862,0.444
-0.4553,-0.123,-0.129
0.7174,2.5751,0.9154
1.3749,0.6859,-0.4796
-1.4979,-1.5833,-0.3353
-0.3063,-1.2023,1.6979
-0.5258,-1.378,-0.564
1.5267,3.4852,-0.4252
-0.0711,-0.1076,1.3057
0.0704,-0.646,0.1987
-0.3707,-1.4154,-0.9232
-1.2419,-3.1133,0.7848
-0.3938,-0.0789,0.5256
-0.8126,-0.2639,1.6176
-1.3022,-1.5237,1.7953
-0.3952,-0.0957,1.5581
0.3912,1.6126,0.8267
-1.4319,-0.6785,1.7826
0.2677,-0.0952,-3.2762
0.7398,-1.1825,-3.0491
0.0907,-0.8429,-0.8929
0.885,0.2557,-2.3611
-0.2834,-0.3793,-0.9228
-1.925,-3.5058,1.734
0.9225,-0.878,-4.4032
-0.1221,-0.4398,1.5158
-0.7644,-2.4274,-1.3945
1.2614,1.2418,-2.9262
0.2451,0.501,-1.2219
0.4552,-0.2508,-1.5532
0.4319,0.9346,-0.2632
-1.0636,-2.8595,0.3145
0.7957,1.684,-1.3671
0.418,0.1759,0.7845
-0.5372,0.0924,1.9763
0.2228,1.3126,0.9826
-0.2551,-3.0847,0.631
1.2102,1.9624,-0.8907
-1.7957,-2.2073,1.1657
-1.6225,-2.0627,0.4515
-0.4835,-0.243,1.1741
0.3763,-0.2735,-1.6771
1.0179,0.4486,-2.2325
-1.9084,-1.0676,2.6827
0.5236,1.4485,-0.0506
0.2779,1.6505,0.6443
-1.1845,-2.6796,1.786
-0.2941,-0.1425,-0.4961
-0.3165,-1.434,-0.4676
-0.2905,-0.5861,2.5686
-0.5559,-1.0862,0.8203
0.275,-1.1603,-1.436
-0.3911,-0.7142,-0.7671
0.0614,-0.4306,0.0228
0.563,1.0946,0.71
-0.7775,-0.0317,1.3759
-0.8272,-1.8266,0.6428
-1.3193,-3.1279,-0.5676
-0.438,-1.7134,0.5725
0.6472,2.6342,0.4652
-0.578,-3.4759,-2.1522
0.0862,-0.2301,-0.4783
1.5661,0.5417,-2.481
-0.3775,0.744,-0.1917
2.4933,1.9667,-2.2615
-1.1536,-1.6222,1.9936
-0.4278,-1.1703,-0.5388
-0.4262,-0.4577,3.5211
-1.174,-3.053,1.1228
-1.6941,-3.8861,0.4614
-0.0294,0.7766,-0.695
-0.4419,-1.9749,-1.1437
1.3706,2.2908,-0.8585
1.2461,1.9571,-1.8294
0.4341,1.0065,0.1822
-0.8586,-2.2421,0.4679
1.4587,1.7814,-1.0762
1.2467,2.3154,-1.1101
-0.7973,-0.8153,0.5184
-0.6229,-0.4607,0.0204
-1.1335,-2.9875,-2.0168
0.7058,1.1578,-1.0946
0.3861,2.1521,1.8277
-0.1933,0.1287,0.3238
-0.4172,0.0509,0.1849
-1.0331,-2.2821,1.305
0.1927,-2.328,-2.2924
-0.2083,-1.1724,-0.3418
-0.0595,0.7462,1.2413
0.6391,0.1027,-0.9054
-0.3761,0.7174,2.3441
-0.3038,-0.197,-1.4268
-1.2987,-1.5428,1.7457
0.9254,-0.0774,-1.8025
-0.1659,-0.2353,-1.4554
0.0406,-1.411,-2.0078
1.386,0.9491,-3.0065
-0.721,-1.3357,-0.5624
0.2814,-1.4393,-0.5451
0.9943,0.8916,-1.0718
-1.0976,-2.1682,0.1902
1.4607,1.9201,-1.8743
0.3057,0.9657,-0.608
2.3415,4.4375,0.5278
0.3624,1.6939,2.4156
0.5,0.8068,-0.7004
-1.1249,-0.6094,2.6816
-0.8056,-1.3068,1.5011
-0.2035,0.7138,0.4049
-2.6771,-4.3455,2.4187
-0.3368,-0.6135,-0.5007
1.1168,2.5635,-0.1448
-1.2224,-1.897,2.0145
-1.2703,-2.5103,0.7159
-1.1164,-0.9803,2.2408
0.2036,-0.7782,-0.7204
-0.3698,-0.8875,-1.2312
-1.1056,-1.6334,-0.0214
0.84,2.039,-1.1302
-0.3605,-1.8655,-0.4397
-0.7085,-1.0104,-1.2789
-0.9891,-0.2594,1.0271
-1.606,-3.5351,0.0309
1.2842,2.0622,-1.5168
1.2333,0.2664,-2.4521
-2.4058,-3.7969,2.0464
-0.7126,-0.4096,2.7822
-0.3138,-1.1837,-2.7697
1.1694,0.8467,-1.3944
0.8732,1.8814,1.0267
-1.3573,-4.0117,-0.7839
-1.6098,-1.6921,2.0037
-0.5382,-0.0408,-1.0893
-0.4698,-2.2262,-1.1147
0.5411,1.1476,0.5622
0.6202,-0.7735,-1.3947
0.0996,0.6839,-0.4256
-1.3038,-1.4521,2.2035
0.1622,-0.9758,-1.6755
-0.1078,-1.064,-0.3546
-0.276,-0.3035,-0.4663
0.7679,1.2705,-0.8863
-0.8036,-1.7634,0.4797
1.7769,4.6885,1.0587
-0.607,-0.5045,0.4123
0.4907,0.7672,0.5793
0.4547,-0.2877,-1.6705
0.9533,2.9442,1.7257
0.3152,1.2075,0.6576
-0.0195,-0.5081,-0.0653
0.1064,-1.1176,-2.2907
0.2288,0.035,-1.7622
-0.0464,0.4647,-0.8308
0.467,1.9012,1.5783
-0.838,-0.7278,-0.8347
-0.5839,0.1552,1.1633
-0.991,-2.1099,2.7588
0.3373,-1.1852,0.331
0.9191,1.0968,0.6909
0.8223,-0.0719,-2.7265
0.8476,1.0039,0.2198
0.4251,1.3091,-0.004
0.4043,0.2179,-0.1746
-0.8921,-3.1175,-1.1137
-0.4788,0.5965,1.1042
1.3227,0.541,-1.9889
0.0096,-1.0973,-1.2767
-2.1354,-5.173,-0.2892
0.7276,0.5179,-0.503
-1.3162,-0.9325,1.6192
-0.6825,-1.8897,0.4087
0.8188,2.3843,2.8138
0.5903,0.4978,-1.1358
-0.3747,-0.4744,-1.3742
0.1583,0.4875,0.8633
-0.4058,-1.2246,0.137
-0.2084,0.0044,1.0551
-0.2054,0.2719,0.3956
1.0387,0.6174,-0.9534
-0.3396,0.8779,2.7376
-0.3457,-1.6188,-1.0189
-0.7534,-1.9486,-1.0923
-1.6144,-2.8928,1.9035
-1.9928,-2.2015,1.957
-2.4325,-3.862,2.2563
0.0997,-0.5097,-1.2732
1.3137,2.2191,0.3475
-1.1935,-2.0809,1.5093
-0.3975,-0.854,1.5027
-0.5343,-0.2339,-0.6997
0.2622,2.1098,1.9448
-0.9951,-1.2216,0.8438
0.729,0.1318,-1.5749
-0.3045,0.8498,0.6364
-0.4624,-0.6795,0.6371
-1.1366,0.3349,0.8895
-2.5031,-3.8845,1.4361
-0.3478,-1.5372,1.0606
0.8791,1.9946,1.4994
-0.6261,1.5034,3.8049
0.2141,0.0995,0.3237
0.0555,0.6568,1.2944
0.4037,0.7789,-1.9906
1.3749,2.9029,-1.927
-0.5246,-1.9832,0.2719
-0.138,-3.8279,0.5425
-0.917,-1.744,-1.1033
1.0329,2.998,-0.0108
1.3162,1.8563,-1.29
0.5335,1.4905,-1.6394
-1.1775,-1.9216,0.1595
-1.4931,-1.1398,1.852
0.4962,-0.0558,0.3736
0.3645,0.6725,0.6566
0.6487,0.3094,-1.5365
0.8711,0.6884,-2.6705
-0.7527,-1.1826,0.9116
0.7047,1.5274,-0.4793
1.0275,1.6378,-2.5748
0.1176,1.3496,2.5729
-0.8647,-0.6566,2.1717
1.715,2.8472,-0.6
0.4548,-1.8895,-1.6322
-0.1178,-1.3891,0.1829
0.6276,-0.1216,-1.4024
0.2037,1.3351,1.4916
-0.5754,0.5019,1.4027
-0.6912,-0.7014,-1.3267
-0.4371,0.1566,-0.2312
-0.7836,-0.215,2.372
0.5319,0.774,-0.5515
0.1591,-1.307,-0.2939
1.0885,2.8102,-0.1081
-0.2771,0.42,-0.6876
1.4342,2.9392,0.9304
-0.7933,-0.6272,-1.353
0.3085,-0.7284,-2.0258
0.0503,-0.3843,0.1555
-1.3599,0.1355,3.4188
0.8325,0.3734,-2.5091
-1.2933,-1.2857,0.2998
1.015,2.1553,0.5266
0.0701,0.1184,-0.4183
-1.2087,-0.8766,1.2992
3.6908,6.2877,-1.6459
0.4297,1.645,1.6237
0.5603,0.4841,-2.4662
1.2701,1.2777,-2.1412
-2.4468,-3.3356,2.8546
2.3399,2.3852,-4.3121
-1.4701,-2.6124,0.1139
-1.0464,-2.1012,0.3198
0.2695,0.2776,0.0996
1.2685,0.6159,-0.4004
-0.4878,0.6243,2.5483
-0.9573,-1.6532,-1.4065
-0.5679,-0.6346,0.6716
1.306,0.6702,-3.0893
1.1134,2.0207,-1.1343
-0.1347,0.4896,0.1363
0.4921,2.131,1.2272
-0.0351,-0.7512,-0.3302
0.2238,-0.8482,-1.3662
0.4574,2.2671,1.128
-1.8243,-3.4761,1.4498
1.3836,1.5424,-0.0455
-0.9443,-2.2645,1.2648
-0.0983,-0.0618,0.0447
0.1986,-0.6797,-0.4409
-0.6701,-1.0014,-0.7571
0.2285,1.1215,2.9616
-1.6377,-1.7931,1.6936
-0.6871,-0.9359,1.1305
0.1341,0.1392,-0.1059
0.5344,0.2456,0.2691
0.9203,1.3435,-1.4649
1.689,1.0511,-2.3998
-1.4751,-1.6258,3.3315
-0.3705,-1.0786,1.2731
1.6702,2.323,-1.0805
0.9501,2.6854,0.2486
-0.4362,-0.664,1.2783
-0.073,0.8453,0.8259
-0.4029,-0.3336,-0.4986
1.1472,0.2763,-2.3398
-1.9331,-2.4723,2.0318
-0.1597,-0.5734,0.1942
-1.3992,-3.4423,-1.1332
0.5539,2.5889,0.7148
-0.0347,-1.0356,0.4108
0.6373,1.3434,-1.2607
0.1255,-0.9505,-0.7997
-0.7613,-1.2405,0.1467
-0.6054,-0.8002,0.7745
1.1288,0.0846,-2.6394
-0.3216,-0.2509,0.4862
1.5284,2.0755,-1.7827
-0.1517,-1.8516,-1.5836
-0.1101,0.6049,0.0431
0.6311,2.353,1.0582
1.3928,2.064,-1.8918
1.2966,1.7774,-2.2854
0.8043,0.6638,-3.1352
-0.6643,-1.1652,-1.5292
-0.0249,-1.8838,0.8534
-0.1495,-0.4119,2.3619
0.2718,0.5158,0.6495
-0.9564,-2.1965,-1.8378
-2.2203,-2.3516,2.563
-0.2158,-0.0979,0.6632
0.4867,0.9309,-0.853
-2.1127,-1.5084,2.1095
-0.3757,-1.0583,-1.2469
-1.0937,-1.5283,1.2263
0.2207,1.1825,-0.1513
0.4561,0.5822,-0.1642
0.8106,1.918,-2.2665
-2.6893,-4.6775,2.9227
0.7314,0.9481,-1.1724
-1.6775,-2.2925,2.7075
0.3695,-2.6187,-3.237
-0.1947,-0.9018,0.0546
2.055,4.2569,-1.1289
1.0211,3.3317,-0.659
0.7197,0.6514,-0.535
0.5343,0.11,-1.4463
-0.5215,-2.5728,-2.8185
-1.7401,-3.4845,-0.8929
-1.4411,-1.2883,1.1938
-0.1673,-0.3595,0.079
-1.9908,-2.9135,1.119
0.085,1.7503,0.9054
-0.3993,-2.0625,-0.1282
0.4801,1.599,1.6398
1.1609,0.8271,-2.1833
2.507,3.9983,-1.4235
-0.922,-0.6563,0.7822
2.1566,2.1044,-3.1006
-0.9863,-3.3555,-0.2317
0.8673,2.3634,-0.3803
-0.0132,-0.5456,-2.6801
-0.9368,-1.5379,-0.7011
-1.6226,-3.3793,0.0485
-1.465,-2.4719,2.8001
1.4021,0.0411,-2.2069
-1.4241,-2.9202,1.7948
-1.6634,-1.5554,2.3723
0.6841,-0.1219,-2.7177
-0.9133,-0.7731,1.5444
-1.4069,-1.635,2.5819
-0.6133,-0.4916,2.2719
-0.5636,-0.6636,0.8783
0.0871,0.1143,0.9181
1.1827,2.1814,-1.8586
1.3677,2.79,-1.1691
-2.2222,-2.8079,3.941
0.7161,2.861,1.4954
0.7176,-0.6146,-1.333
-0.2634,-0.0099,-1.2313
-0.3021,0.3594,1.1313
-0.9335,-1.0233,1.9545
-0.3964,0.4945,3.0206
0.0467,0.6533,-0.5307
0.1796,0.0783,-1.5624
-0.4279,-1.3383,-0.249
-2.745,-5.0979,1.557
0.6254,1.94,-0.5027
-0.1544,-1.4788,-1.5163
-0.1012,1.1699,1.6491
0.8859,2.571,-0.078
0.6947,2.4881,1.313
-0.0767,-0.5228,0.3266
-1.0422,-1.5781,1.2197
0.4743,1.029,0.8132
-0.5796,-2.5434,-1.0373
0.4642,0.4,-0.0307
-0.8304,-0.87,1.2805
0.0038,2.0309,3.1066
0.0552,-0.295,-1.8988
0.7735,1.5176,-0.7442
-0.922,-1.6066,2.2556
-2.0475,-4.0806,-0.824
0.5735,1.552,1.0478
0.1666,0.3615,2.2025
1.5913,1.8732,-4.2386
0.7942,2.7645,-0.0511
1.2031,-0.1143,-2.7713
0.1873,1.3644,0.6012
2.1978,4.5626,0.4282
0.4629,0.2472,-1.5123
0.4488,0.0633,0.955
0.1012,-0.508,0.6171
-0.2135,-0.9386,-0.4533
-1.068,-3.6688,-0.8219
-0.7701,-1.1604,0.929
-0.7704,-1.7506,-0.1186
1.2079,-0.3344,-1.3589
-1.0133,-1.9149,-1.1297
-0.1517,1.3645,0.9084
2.5452,5.727,-0.3615
2.4598,4.3992,-2.8646
1.0376,1.5271,0.4824
-1.693,-3.6053,1.1567
-0.9286,-2.3685,-0.6515
0.2592,1.1918,-1.2546
-0.5134,-0.4626,0.8168
-2.5754,-3.1591,1.3026
-0.0614,0.6264,-1.4281
-0.5739,0.1099,2.231
-0.0951,-0.9012,-1.7455
-0.3895,-1.4993,-1.91
0.3717,0.7203,0.8491
0.9397,0.5596,-1.8165
-3.2599,-5.1792,1.7211
-1.0689,-1.6552,-0.9161
-1.8344,-1.5,1.3462
0.2272,-0.9733,-1.3997
0.1437,1.1292,0.8857
0.2646,0.9618,1.851
-0.4445,-0.6157,-0.3946
1.0665,1.1715,0.2452
1.1393,1.3511,-1.3042
1.0446,1.6275,-1.4293
0.0313,-0.4803,-0.0058
0.4169,0.1203,-2.597
-1.6261,-0.6484,2.9312
-0.2142,0.8549,-0.2706
-0.3632,-1.3514,0.6412
1.2347,1.8412,0.0301
0.3031,2.3578,2.6054
-1.0661,-1.1312,1.9919
-1.3508,-3.8738,-1.1076
-0.5252,0.0147,0.7938
-2.0777,-3.3851,-0.804
0.4533,0.0234,-0.3899
-1.1171,-1.9493,0.6479
-1.016,-1.5748,1.2743
-0.3564,-1.0023,0.3763
1.8132,4.3611,0.2961
-0.0382,-1.8661,-0.5093
0.1115,-0.6413,-0.7796
-0.468,-0.3926,0.788
1.3435,1.6868,-1.9448
-0.5734,-1.9041,-1.2785
0.9166,-0.7968,-1.8803
0.8894,0.3745,-0.9754
0.1318,0.0149,-0.5391
-0.7402,-0.7404,1.0462
-1.934,-3.2493,1.5386
-0.041,-1.4657,-0.9182
-1.4845,-3.5961,2.7102
0.8688,2.6601,1.5427
0.134,0.6661,0.6813
1.3735,1.0341,-1.3999
1.2663,-0.6519,-2.6703
0.6969,-0.5949,-0.2201
0.6453,1.2358,0.8224
-0.9092,-1.4081,-1.2843
-1.1782,-2.2221,-0.0478
-0.0759,0.9735,1.6771
1.249,2.0677,0.5235
1.2854,1.1352,-1.0442
-0.1043,-0.1827,-0.7153
0.0041,0.581,1.1911
0.8428,1.9464,-1.0028
2.1967,2.6638,-1.3198
0.3535,0.5598,1.1367
-0.6144,0.5513,1.7292
-0.4648,-0.4697,2.9587
1.2279,2.8179,-0.6326
1.6994,1.7284,-1.9109
0.5702,-1.0168,-3.4221
1.1546,1.7435,-0.77
1.2345,0.3897,-2.6088
-0.3946,1.8061,3.418
0.2053,0.1313,-0.2243
-1.7911,-2.4816,1.2951
1.9076,2.3931,-2.65
-0.0806,-0.1592,-0.3579
-0.0208,0.0865,-0.6795
-0.4209,-0.4552,-1.5464
-1.3783,-0.9616,1.7495
1.1172,0.6946,-0.0712
1.2693,1.9667,-0.4367
0.6325,1.3481,-0.6311
-0.3666,0.2469,-0.6793
0.4775,1.2081,0.8131
-0.9037,-1.7115,1.7816
0.554,-0.2022,-0.4416
-0.3622,-0.6692,-0.1485
0.4391,-1.1198,-3.0697
2.5563,2.7361,-3.5024
1.3409,1.8573,-2.2499
0.1375,-0.192,0.2597
0.535,1.1186,1.1039
-0.0674,-0.0779,-0.3449
-0.0942,-0.1156,-1.3721
-0.7289,-0.5379,0.6365
0.6761,1.277,-0.4281
0.4,-0.2927,-1.0457
-0.044,2.1533,1.3478
0.8612,1.277,0.2447
-0.2818,-0.7257,0.3071
-0.7205,-2.5243,-0.9689
0.1009,0.623,1.7786
1.0064,1.631,-0.6823
1.5742,3.2397,-0.0232
0.3112,1.4169,0.9614
-0.3342,0.2235,-1.0766
-0.6272,0.4089,0.234
-0.732,-1.0647,0.8143
1.8095,2.1118,-2.8298
1.4643,2.5764,-2.2298
1.7418,1.9658,-1.2253
-1.1695,-3.5979,-2.1805
-1.0211,-1.3822,2.4544
0.4574,0.596,-0.223
-1.0727,-0.6595,1.2369
-0.3906,-0.6458,-0.5917
-1.2407,-2.7102,1.5308
-1.8764,-3.9253,1.0281
-0.418,-0.3976,0.8979
-0.1144,-0.5017,-1.2343
2.3588,2.9095,-2.4859
-0.6816,-1.8023,-0.6532
0.0174,0.0254,-0.3724
1.178,1.3759,-1.7181
0.7633,0.0084,-1.1381
-0.7281,-2.1424,0.0996
-1.0704,-1.8853,1.537
0.8347,2.7715,0.0603
-1.3666,-1.4924,1.4628
-0.5236,-1.114,1.0094
0.7014,0.1505,-1.1597
-0.7811,-3.135,-0.2883
1.9899,2.7191,-1.4124
-0.2031,0.0027,3.2454
-0.5977,-0.7395,0.9238
-1.0953,-1.3568,0.8662
0.4873,0.4661,-1.1783
-0.7035,0.2153,0.3377
-1.0875,-1.1187,1.098
0.565,-1.4898,-2.3993
2.37,4.0231,-1.3466
-0.0637,-1.3086,-1.2632
1.2088,0.58,-2.0225
-1.2199,-1.5724,1.8693
0.9779,2.5521,0.9798
0.2254,0.3534,-2.1022
0.341,0.1154,0.1988
0.1395,-1.2949,-0.7584
0.2213,0.4366,1.1064
0.9234,1.8894,-1.3387
0.4919,-0.8168,-2.4759
0.1446,0.774,-1.6963
0.2755,2.5081,0.5803
2.1061,3.4322,-3.1694
0.5657,-0.5534,-2.5368
0.2065,1.2948,1.2139
2.0984,3.5871,-0.5434
-0.2971,-1.0534,0.5245
-0.294,0.7885,2.4275
1.8032,3.5601,-0.4977
-1.1472,-1.1491,1.572
0.309,0.0244,0.8733
0.0478,0.8765,1.3492
-1.403,-2.6954,-0.1192
-1.0907,-0.7682,-0.2705
-0.9085,-2.4642,-1.9152
0.5186,1.184,0.1982
-0.906,-0.1562,2.8759
-1.9514,-3.114,2.1057
0.8578,-0.4064,-1.4775
-0.3401,0.3904,0.343
-1.0478,-2.6532,-0.5762
0.6144,0.4736,-0.8884
-0.9357,0.3186,3.441
-0.1251,1.0278,2.6496
0.6856,0.4781,-0.8533
-1.295,-1.3335,0.0325
-0.3823,2.0085,1.1461
-0.0386,1.7022,2.9835
1.4424,3.487,-0.0963
0.2551,1.186,0.6118
0.6962,-0.3101,-1.543
1.6285,1.5796,-1.7066
-0.4239,-1.5396,-0.8725
1.1367,1.0302,-0.5842
1.0099,0.2916,-0.3423
2.0798,2.2665,-1.7015
-1.3711,-3.2503,-1.6134
0.9317,2.4211,-1.4809
-0.6902,-1.6669,-1.0594
1.5197,1.524,-2.5532
-0.9079,-1.1739,-1.2695
-0.9862,-1.2219,0.8895
1.4433,1.9435,-1.0027
-1.513,-2.2519,-1.8179
0.5783,3.7455,0.3946
0.7098,1.5345,-0.9914
-0.2035,0.8876,2.0018
-0.2976,0.6559,0.3595
0.3001,-0.2259,-0.9027
-0.9299,0.2713,2.1491
0.2572,0.6206,1.8277
-1.2408,-1.2339,1.4672
0.3803,-1.3315,-1.7598
1.5743,3.8558,-0.9043
-0.8521,-0.6181,0.9189
-0.5999,-1.3759,-1.6291
0.8535,2.7425,1.6995
-0.4911,-0.8796,-1.8053
-0.6248,1.3485,1.0365
0.3295,-1.0,-0.6863
-0.6199,-2.6119,0.9289
-0.5248,-0.825,1.0586
-0.3865,-0.473,0.8809
-0.8198,-1.5308,0.4942
-0.5419,-0.2446,0.5873
1.2045,2.4001,-1.149
-0.1081,-0.7365,-0.7768
0.1512,-0.135,-1.3727
-0.181,-0.4139,-1.5073
-0.2924,0.3945,0.6659
1.0081,0.2608,-2.4192
-0.6665,-1.0013,1.5716
0.6894,1.1062,-1.2067
-2.0515,-1.485,3.8048
-1.3672,-2.8071,-0.3543
-1.1302,-2.7083,-1.0756
0.3277,0.4357,-0.9773
-0.4876,-0.1396,-0.3383
-0.2384,-0.0431,1.2649
-1.6129,-4.1991,-1.0744
1.174,2.0872,-1.8997
0.4507,0.9054,0.1603
0.3747,-0.1043,-0.8477
1.1811,0.6589,-1.4655
0.8455,-0.6656,-1.3484
-2.7607,-4.4819,2.5994
1.1083,0.4914,-1.0909
-1.0459,-2.7404,-0.1827
-1.4706,-2.3448,-0.1377
-0.8727,-1.4977,-0.8883
0.2053,-0.6936,-0.9484
1.1271,1.5388,-1.0072
-0.1274,0.9894,1.2556
-0.225,-1.2985,-1.0796
0.3069,0.6696,2.0816
-0.3877,-2.0067,-1.1474
0.2163,0.5881,1.547
0.5654,0.5053,-0.2694
0.5671,-0.0226,-1.343
-0.049,0.5696,-0.1093
0.0849,1.851,2.7035
-0.8387,-0.4747,1.3224
-2.619,-4.5164,3.065
-0.2881,-0.699,-0.934
-1.3979,-0.8378,1.5996
-0.2765,-0.1893,1.0568
-0.6019,-2.2372,-0.4237
-0.0286,0.2233,0.8723
-0.4927,-0.8222,1.2083
1.1191,1.6318,-0.8386
-1.2841,-2.4834,0.5777
0.8643,1.6465,0.5286
-1.1445,-2.6193,-1.4649
1.5718,2.8547,-0.915
-2.0174,-2.7832,3.992
0.1146,-0.1181,0.397
0.8173,1.7325,-2.6372
-0.644,1.489,2.5328
0.2388,-0.5286,-0.7381
-0.002,0.5954,-0.2993
-0.2293,1.6388,2.3315
0.3113,1.0306,0.5488
1.5124,2.1385,-0.8667
0.3738,0.1685,0.3632
-0.4846,0.613,0.1494
1.0434,1.5847,-2.2202
-1.0999,-3.308,0.635
-2.506,-2.6209,3.4857
-0.1527,1.7106,0.5437
-0.8976,0.081,2.9082
0.8407,1.6914,-1.5668
0.522,1.5193,-0.4266
-0.6738,-0.8321,0.8394
0.548,2.5856,0.914
-0.6849,-0.5401,0.1662
-0.4962,0.5025,2.0393
0.9985,1.8137,0.1466
-0.3484,-1.5851,0.0764
-0.8677,-2.1445,0.9436
0.9881,3.1679,1.9409
0.264,1.8013,0.8433
-1.0502,-2.1431,1.2482
0.0051,0.9411,2.0025
-0.0029,-1.3237,-0.5137
-1.3982,-2.0344,1.7763
-1.1327,-1.989,0.7562
-0.5965,-2.0979,0.287
1.0996,1.7892,-0.5375
-1.0002,-2.3442,0.2515
-0.9704,-1.279,1.1297
0.3666,0.9878,-0.4805
0.3813,1.5437,-0.4432
0.0685,-0.0354,0.2831
-1.5127,-3.5346,-0.2706
0.9507,2.6198,2.5581
-0.1459,0.1067,-0.4124
-0.9228,-1.3034,0.8533
-0.8425,-0.8036,-0.4284
-0.7545,0.786,3.0394
-0.7193,-1.4118,0.5028
-1.9421,-2.8811,2.4149
-0.3067,-1.0892,-0.9962
-1.0514,-1.3106,0.8688
0.011,0.748,1.3814
-0.6978,-1.9244,0.2593
-0.9199,-1.8177,0.0022
-0.6902,-0.1343,2.1072
-0.7753,-1.8693,1.2761
-0.9366,-1.2262,1.7666
0.2198,0.433,-1.1692
-0.5908,-1.3936,-0.1039
0.3448,-2.8038,-3.6325
1.0309,0.9134,-1.9829
1.7255,2.407,-0.3968
0.3642,0.3053,-0.0621
0.2898,-0.9256,-0.9684
0.1026,-0.1208,-0.9982
0.1898,-0.0888,-0.7435
-0.0648,0.5508,1.3871
-0.3602,-1.189,0.5322
0.0063,-1.5595,0.1833
-0.5577,-1.9598,-0.0787
2.0347,3.8463,1.3743
0.2422,-0.1943,-0.5229
1.6677,1.9432,-2.5957
1.6331,5.2172,1.1249
-2.4724,-2.441,3.2872
0.3083,0.2363,1.4647
2.6484,5.1953,-2.7588
-0.6014,-2.424,0.2098
-0.4801,-0.7316,0.5387
0.1884,-0.1765,0.3796
2.1331,4.3482,-0.5643
1.3519,1.5547,-2.7116
0.0115,-1.4056,-1.9394
-0.4363,-2.2498,-1.4117
0.9773,2.1298,-2.2268
0.0768,-1.2279,-0.8948
-0.1381,-2.2246,-2.0637
-0.3125,-0.9847,-0.1377
0.9226,4.7116,1.7063
0.1345,2.099,0.5608
1.1937,1.9299,0.9782
0.7218,0.4465,0.7914
1.1203,0.5083,-3.2299
-1.483,-2.6489,0.2785
-1.8201,-3.8901,-0.2734
1.1024,3.5678,0.88
-0.8914,-1.2843,2.0566
-0.9541,-2.4925,-0.5852
0.7566,-0.0265,-2.0073
1.1654,1.7559,-1.6896
-0.9704,-2.4498,-0.6241
0.5938,-0.8351,-1.9252
-2.3314,-1.8357,2.2997
-0.0012,-0.0519,0.1726
0.1581,-0.0377,-2.0802
-2.2211,-3.3136,1.2268
-0.3396,0.6918,0.3486
-0.5621,-0.9762,0.7057
-1.3751,-2.1585,-0.5709
1.1478,0.3012,-1.4667
0.5247,1.9924,0.6657
-0.5834,1.381,3.0978
-1.9318,-2.8386,1.4975
-0.8377,0.2586,2.3688
1.6329,2.8528,-1.5014
0.2391,0.1903,0.4906
-0.2972,-2.1411,-0.5702
-0.5597,0.029,0.8961
1.1073,1.1515,-1.5635
-0.5104,-0.8304,-1.2186
0.8415,-0.3867,-1.0161
-0.3966,0.7308,0.3363
-1.1049,-2.66,-0.7898
1.3745,2.522,-1.8281
0.6043,-0.3855,-0.8745
-0.3505,-0.1862,-1.1177
-0.5368,-1.4806,-1.1534
0.4652,0.5878,0.2226
-2.4582,-5.2059,1.2619
-0.7729,1.7601,3.3468
-0.9015,-1.1926,1.5107
0.4223,0.2635,-1.4257
0.9422,0.9463,0.0232
-0.2191,0.0066,0.6074
-0.2223,-0.7929,-0.0017
0.8562,0.4499,-1.7342
-0.9666,-1.479,0.9308
-0.1893,0.5105,2.1328
0.5383,0.7045,-0.1978
1.6951,3.0448,-2.2344
-1.0614,-2.8184,-1.2668
-0.1704,0.4872,3.3823
-2.0145,-3.5905,1.2233
0.2232,-0.7565,-1.1382
-0.5338,0.0473,1.5155
-0.9958,-1.5174,0.5418
-0.656,0.3865,0.3095
0.52,-0.0763,0.2591
-1.5493,-1.9768,3.5634
-1.3489,-1.865,0.88
-0.363,-1.3589,0.1211
-0.762,-2.4988,-1.2818
-2.0054,-2.742,-0.2199
-0.8006,-0.048,2.9139
-1.7268,-2.2784,-0.2972
0.5981,1.3935,-1.7235
-0.0373,0.6836,1.7151
1.6117,2.4889,-1.3722
-0.9235,-1.6514,-0.4409
0.015,-2.0916,-1.7221
0.1797,0.1056,0.6099
-0.8645,-0.7565,1.4577
-0.5631,-0.9607,1.3908
-0.6123,-0.4295,1.1961
2.4206,4.0822,0.6387
0.7433,1.4453,-0.3474
-0.5113,-0.5019,0.5537
-0.6785,-2.1369,0.409
0.0069,1.4044,-1.0845
-1.2335,-1.9594,-0.6414
1.0115,1.6739,-1.6072
-0.1178,0.3541,1.1736
-0.2882,-0.9833,0.3137
-1.4103,-2.7165,-0.4128
2.3201,4.3058,-1.1732
0.177,1.1943,0.7989
0.3737,-0.5602,-1.6373
-0.4628,-0.2661,0.4354
-0.1292,1.3035,0.1794
0.2763,-0.0244,-0.1596
0.0873,-0.0435,0.4328
0.7318,2.0474,0.7678
0.0345,-0.3211,0.2761
1.2025,1.8524,-2.4327
-1.1187,-2.9304,-0.8547
0.7257,1.4737,0.5673
-0.2494,-0.1498,1.7299
0.0724,-1.4526,-2.3285
0.2446,1.1585,0.9859
-0.3622,-1.6885,-1.0075
0.9245,-0.0318,-1.6977
-1.2029,-3.9966,-0.5887
-0.1131,-0.9937,0.5957
-0.0032,-1.7929,-2.0058
-0.4032,-0.1335,0.9347
0.4843,-0.1743,-1.5953
0.1816,-0.1597,-1.2865
0.0168,1.4983,0.8773
-0.0203,1.0549,0.0857
-0.2878,0.6222,2.5112
0.8314,-1.0856,0.4768
0.1147,-0.0651,1.291
0.2049,-1.3363,0.9924
1.3333,1.3163,-1.6392
-0.8733,-0.0119,1.4234
0.3806,-0.8683,-0.9189
-0.0567,0.1112,-0.02
-0.0988,0.549,-0.633
0.2768,0.8419,-1.1487
0.7588,1.4657,0.1498
-0.9618,0.0202,1.3325
0.6372,0.2433,-2.2805
0.5779,1.7973,-1.6154
2.6566,4.1207,-1.2027
-1.3569,-2.1085,1.2884
-0.224,-1.1506,-1.046
0.8457,1.3773,-0.4168
0.2368,0.7682,0.817
0.4556,3.0077,2.3757
-1.4185,-3.0088,0.6057
-0.9673,-0.4236,1.3883
0.1151,1.0932,2.651
1.4064,2.6347,0.1614
-0.1419,1.1227,2.4152
0.195,-0.2133,0.8044
0.0357,-0.2019,0.1741
0.9528,1.0939,-0.6961
0.2929,0.2006,0.8288
0.2027,0.1595,0.6673
0.2509,-0.2524,-1.3711
0.8279,1.6495,2.0987
0.566,0.1419,-0.2553
0.9385,2.8758,0.983
0.0873,-2.0815,-1.9984
1.7321,3.3433,-1.0188
-1.386,-3.2339,0.6296
0.0174,-1.2587,-0.8239
0.1307,0.3157,-1.2082
0.4523,2.4029,1.6662
-0.6864,-2.2343,-0.5895
0.2691,1.0255,0.2492
0.0714,-1.2819,-1.8137
-0.5639,-0.6194,0.056
0.4165,-0.9418,-0.4128
-0.1743,-0.9886,-0.3263
-0.288,0.9074,0.88
1.0059,1.1495,-0.0405
0.5178,1.1232,0.8877
-0.3751,-1.8489,-0.6506
-1.5016,-1.2505,2.3297
-0.309,-1.1788,0.1204
-0.4527,-0.0909,1.7565
-0.7281,0.4126,1.7036
2.2478,2.0727,-2.921
-1.2956,-1.537,2.6329
0.115,0.5623,1.356
-0.5545,-1.7323,1.1779
0.8549,2.1336,1.6791
1.1622,1.5949,-1.9288
1.2373,0.4369,-2.0365
-0.5988,-1.5642,-1.6204
1.9977,2.8899,-0.1132
0.2013,0.5274,0.4138
0.8978,-0.6066,-0.8246
0.6136,3.0273,-0.16
2.6368,5.4516,-0.9034
-0.1974,1.5396,2.4418
0.4472,1.0271,-0.7871
-0.2329,-0.7484,0.2737
-0.2102,0.2453,0.3425
-2.9579,-5.8684,1.0684
1.9572,3.606,-0.3787
-0.7468,-1.9042,0.9164
-0.7227,-2.1648,-0.2733
-1.1968,-1.1448,2.666
-0.9914,-1.625,0.6555
3.1669,5.5412,-2.0787
-0.9316,-0.9643,2.1464
-0.6619,-0.14,2.8727
-0.3975,-1.1656,-0.8093
1.104,2.4822,-0.6162
0.6876,2.5122,3.1829
0.1309,0.1011,-0.7383
0.2566,-0.2201,-1.6141
2.271,3.0316,-1.6742
0.9151,1.867,0.319
0.1674,1.2136,0.4563
0.4316,0.7626,0.7046
-1.0934,-1.1916,1.1416
-0.4949,-1.7267,-2.0028
-0.1519,0.2563,0.1108
0.8027,0.99,-0.9145
0.7066,0.184,0.073
-0.3374,-3.5786,-3.802
-1.0692,-0.1709,1.5295
0.9429,1.918,0.152
-2.6361,-3.4103,3.3251
-0.6703,-2.1535,-0.1841
-0.1026,0.5255,-0.0191
1.5114,1.8738,-2.9007
1.0079,3.005,0.3442
0.0151,-0.1518,-1.6294
0.4072,-0.3014,-1.1284
1.1852,2.568,0.0341
-1.4716,-2.8294,0.6919
-1.5679,-1.378,4.104
-0.5645,-1.8977,0.8763
0.2404,0.587,0.3991
-1.4074,-3.107,0.9207
0.4579,1.6276,2.0384
0.0517,0.2559,0.4232
-0.8885,-0.124,1.764
0.1328,1.7319,-0.1994
-0.5236,-0.6833,-0.5702
0.5357,-0.0871,-2.1084
-0.9114,-2.2,-0.0784
-0.4554,-1.3319,-0.4103
-0.9066,0.7366,3.3999
1.0376,1.0812,-1.4917
0.0812,1.8376,2.2204
-0.3837,-0.4561,0.7183
0.3336,-0.3456,-1.8069
0.6463,-1.6296,-3.6869
-0.4556,0.5582,1.574
1.6956,2.8775,-1.3483
-1.3885,-1.3683,2.7852
-1.6116,-2.9662,0.5813
-1.1334,-2.6036,-0.8466
-0.5639,-0.3966,1.5248
-0.806,-1.2623,-0.474
-0.4231,-1.4067,-0.5122
-0.5836,-1.3719,-0.9915
0.9232,1.2361,-0.9478
-0.0363,-1.5216,-0.9336
1.5044,1.201,-1.6927
0.8584,0.9958,-1.116
0.4099,0.9143,2.325
-1.9903,-4.307,0.7842
-1.7792,-2.8032,1.76
2.2406,3.3094,-2.3027
0.3413,1.7407,1.8508
-1.0493,-0.1314,2.8179
0.3264,-0.3311,-0.9824
-1.7293,-0.5447,3.8845
-0.1649,1.179,1.2689
0.2605,1.3384,0.6022
-0.1676,0.1123,2.8926
-0.4765,-0.1539,0.9953
-0.7475,-1.8422,-0.6185
-0.4551,0.713,-0.7714
1.4975,2.1711,-2.0528
1.7647,1.9845,-0.908
-2.4222,-3.1585,3.1137
1.0596,1.8009,-0.8886
0.5436,1.9046,0.17
0.9207,1.3485,0.3496
-0.15,-1.0093,0.7345
-0.9601,-2.6058,-0.5078
-0.1756,0.1442,1.2416
-1.935,-1.9111,2.8722
1.0234,1.2812,-1.0611
-0.5897,0.4396,0.7159
1.223,1.4924,-0.0039
0.8743,0.8355,-0.9726
1.4708,2.2631,-0.5423
-0.4139,-0.6798,1.6569
0.8485,0.5255,-0.0399
0.9281,0.6931,-1.321
0.5318,1.6667,-1.2906
0.3481,0.6463,-1.5602
0.06,-0.6614,-0.889
-0.7928,-1.0463,-0.9886
-0.0849,-1.6373,-2.3659
1.7343,1.0346,-3.2368
-0.0732,-1.0435,-1.4657
1.1862,2.4165,0.2442
-0.3842,-1.757,-0.9519
-0.7224,-1.8506,0.5775
-0.8858,-0.54,1.0805
-0.4446,-0.7154,1.659
-1.7459,-1.5866,1.8205
-1.0955,-1.087,1.4251
0.1405,2.5852,1.4885
0.1261,1.3092,1.2529
-1.157,-1.0147,2.7896
0.0226,0.0987,-0.6336
-2.0628,-2.8484,1.5413
1.5107,1.4094,-2.5378
-0.0856,3.0447,4.084
-0.2943,1.1798,2.3293
0.3619,0.1689,0.845
-0.2084,0.9163,1.286
-2.1443,-3.1092,0.4961
2.036,3.1554,-0.8076
0.3829,1.2178,-0.689
-0.0703,-0.4064,-0.658
-0.9103,-1.7402,0.6886
-0.7523,-2.9331,0.6272
-0.1598,-0.11,-0.9597
0.602,3.2067,0.7598
-0.3935,-0.3942,-1.3322
-1.0251,-0.7709,2.5546
-0.5684,-0.2385,0.5333
-0.5859,0.1586,2.2917
0.7916,1.0474,-1.8284
0.4247,0.2187,0.2094
0.5615,1.0093,-0.5196
-0.126,-1.0312,-1.1394
1.6379,3.9665,0.1954
0.1826,-0.4994,-0.4939
1.1816,2.0909,-1.7185
-0.0087,-0.5004,-0.927
0.6735,0.6315,-0.32
0.3468,-0.3508,-1.48
0.0569,-0.0796,-0.8055
0.4341,0.3879,-0.9715
-1.3654,-3.6247,0.3777
-1.1026,-0.8196,1.2766
-0.3432,-0.2574,0.9965
-0.7127,-2.263,0.058
-1.6202,-2.5622,1.4915
2.358,5.7065,2.1148
-2.4717,-2.8897,3.0617
-0.0286,-2.2663,-2.4107
1.9459,2.2901,-1.6735
-0.4491,-1.3249,-0.3919
-0.2449,0.6267,1.0549
-1.5965,-0.7608,2.5842
0.7507,-0.7371,-4.1495
0.0144,0.699,1.2989
-0.4419,-0.8686,0.6796
-1.2139,-2.462,-0.4654
-1.9435,-3.0698,2.316
1.709,2.6362,0.3289
0.9822,2.7922,1.1122
0.4003,-0.0703,-0.4082
1.581,3.6389,0.7049
1.0496,3.7747,2.7633
0.3894,-0.0457,-1.7441
-1.9521,-2.8865,0.2183
1.0297,0.7585,-0.5715
-0.9374,-2.9086,-0.7239
0.1348,1.1726,0.7828
1.2482,2.2131,-1.6101
-0.193,-0.0451,-0.8458
0.4716,-0.9976,-1.1397
-1.5317,-3.2451,-1.7012
1.2045,2.7191,0.1411
-0.2993,-0.0092,-1.0846
-0.0576,-1.4417,-3.01
0.6659,-0.4183,-2.0273
-0.69,0.0394,1.4704
0.3613,-0.3739,-1.9392
0.2418,1.0769,0.5543
0.2524,0.6972,1.6664
-0.285,0.1711,0.6933
0.056,1.7466,1.1454
1.5976,4.4204,1.5754
0.3673,0.5289,-1.2064
-0.284,1.9436,1.288
-0.1012,0.2087,0.8969
1.2916,0.7176,-2.4195
-0.8654,-2.3155,1.4886
-1.517,-0.3111,2.5953
0.6698,1.4528,-1.2517
0.1178,0.8493,0.4949
-0.2236,-1.7322,2.2602
-0.3883,-1.7598,0.357
-0.7302,-1.6949,0.4164
-0.7299,-0.866,0.3568
-1.599,-2.7522,0.9568
-1.2205,-1.3815,2.7657
-1.1826,-1.9787,-0.1971
-0.4407,-0.961,0.0545
-0.701,-1.0219,2.0401
1.062,0.8479,-0.9651
-0.3247,0.3537,1.3978
1.2114,2.7563,0.5489
0.3734,0.2138,0.0292
-1.4653,-3.6389,-0.2242
1.3995,2.7481,0.2926
-0.0701,0.1925,0.9209
-0.7359,0.9152,2.5388
-0.7435,-0.952,1.4979
1.4935,3.3492,0.1789
-0.0854,0.6133,0.6399
-1.8487,-3.4539,1.9132
-0.4015,-0.7225,1.8379
0.0269,1.2501,1.1021
0.8475,1.7668,-0.5572
-1.5547,-1.5403,0.3663
1.2217,1.1612,-0.3698
-0.4258,-1.4783,-0.6589
-0.2636,-0.3553,0.034
1.5601,1.8085,-0.2609
0.6072,0.3817,-0.5874
-0.5791,-2.4942,-0.2382
-1.6852,-1.6177,1.8386
-0.6519,0.8232,1.3795
0.8206,1.8226,-0.8309
-1.9991,-2.3803,2.406
-0.1488,-0.5527,1.848
0.4702,0.662,-0.5161
0.095,-2.7562,-1.5154
0.8484,1.2797,0.4469
-0.583,0.9181,3.0935
0.5104,-0.1147,-0.2657
-2.7983,-4.0879,3.1097
-1.8897,-3.7603,0.6166
-0.2599,0.3056,2.1064
0.3009,1.2645,0.3112
0.6775,1.8199,0.2937
0.6656,0.6647,-1.1563
1.2295,2.6718,1.1982
-0.6151,-2.1084,-0.5854
0.3685,0.7734,1.4289
1.1453,1.1785,-1.2817
0.4247,-0.3857,-0.2954
0.0665,-1.2007,1.3925
0.1732,-0.999,-1.9173
1.2087,1.8196,0.5293
-0.1597,-2.1541,0.4012
-0.384,-0.2661,1.0463
0.5727,1.2852,0.1393
-0.2976,-1.655,-0.9362
0.054,1.2846,0.063
-1.3688,-2.4268,1.5604
-2.1776,-4.1578,0.3408
0.6257,-0.2268,-1.6148
-1.6606,-1.5253,3.2373
-0.6819,-2.0442,-0.2295
1.1318,0.8604,-1.092
-0.9459,-0.7529,-0.2409
-0.9539,-1.0358,1.5941
-0.1699,-0.7613,-0.4404
0.0396,-1.2529,-1.4626
1.0955,2.0524,0.4387
0.2694,-0.3507,-0.6146
-1.5767,-3.256,1.0546
-0.9778,-2.9112,0.722
-0.1537,-0.5457,-0.2595
0.2692,2.2015,1.0545
-1.1092,-1.9621,0.6509
-2.2492,-1.8491,2.0998
0.0782,-2.8457,-1.9306
0.4443,-0.332,0.5667
1.4328,0.5697,-1.394
1.1696,0.9739,-0.8967
1.6722,3.6122,0.6265
-0.5072,1.0943,1.8043
1.3958,0.7284,-2.1897
-1.607,-1.723,1.7431
0.9656,1.343,-0.36
-0.5723,0.9578,1.8241
-0.307,0.3698,-0.5877
-0.1051,-0.0867,0.7286
-1.2768,-2.5895,0.2887
1.6532,1.8095,-0.4739
-0.6245,-1.0167,0.2548
-0.1044,-1.3628,-1.902
0.5928,0.261,-1.2522
-0.5122,1.102,3.0208
-0.6323,-0.6078,-1.7452
1.2431,0.0901,-2.4656
-1.5968,-2.1678,1.9859
-0.5105,-2.0595,-2.0902
-1.3797,-1.2293,1.245
3.1432,5.3677,-1.4446
0.3514,1.0923,0.8654
-0.3682,-1.0847,-2.4114
-1.1604,-2.8661,-1.0157
-0.3655,-0.816,-1.2637
-0.7544,-0.943,1.09
-1.8953,-4.1658,-0.067
-0.9436,-0.4917,1.9656
0.4481,0.2281,-2.627
-0.4133,-2.0672,-0.3582
-1.182,-2.467,0.0943
0.5237,1.0538,1.0912
1.1282,1.6604,-0.5255
0.37,0.94,-0.4863
0.9602,1.959,2.7236
0.2027,1.5432,0.4531
0.9756,1.4362,-1.2238
1.0907,3.8526,2.0687
-1.1539,-2.5269,0.5659
0.5681,1.0837,0.6972
0.7757,0.5629,-0.7294
0.8185,2.9954,-0.0737
-0.9351,-1.5804,1.9035
1.717,2.3148,0.1956
0.2435,0.7279,-0.613
-0.4415,0.4023,1.6449
0.7895,2.5788,-0.7992
0.9612,1.8686,-0.966
-0.1749,1.207,1.4247
0.3856,-0.0422,-2.0349
0.2451,1.2088,-0.1205
0.703,0.7301,-1.0342
-2.1981,-3.7893,2.8366
-0.3665,0.3455,1.9966
0.052,-0.4993,-1.1502
-1.6892,-1.9889,2.69
-1.5764,-2.7841,-0.3276
0.1512,0.9277,1.1268
-0.0713,-1.2122,-0.1023
-0.426,-0.4248,-0.0429
-0.4817,0.089,-0.6013
0.2646,1.8454,2.6868
-0.7989,1.1268,2.3211
1.0734,1.457,-1.6918
-0.1208,-0.3405,-1.4716
0.2272,0.2489,-2.1054
0.9338,0.949,0.056
-2.0559,-2.9035,2.486
0.0035,0.8586,-0.2048
-1.5175,-3.7093,1.4055
-0.6898,-1.35,-0.053
-0.0221,-0.238,0.9134
-0.8497,-2.2857,0.67
-0.4708,-0.6054,-0.4572
0.5747,1.5739,1.3244
-0.0621,0.3521,1.2664
-1.1923,-2.9539,-0.6695
-0.0698,-0.7812,-2.887
-0.2095,0.1011,-0.3258
0.9812,1.7205,-2.3516
-1.6647,-3.3865,0.4752
0.8349,1.8375,1.0568
0.984,1.084,-2.2256
-0.3819,-0.5681,0.2511
0.3154,-1.6227,-1.8183
0.2837,1.7918,2.0933
1.2733,3.9765,2.0685
-1.0259,-1.2281,-1.176
-0.3876,-1.8053,-0.5827
2.5007,3.5245,-1.1788
-1.7082,-2.3284,0.5878
0.6835,0.384,-2.8591
0.7131,2.4593,-0.7392
-0.8039,-0.4096,-0.8009
-0.173,-0.5554,-0.3545
1.0439,0.095,-1.1971
-1.9212,-2.9351,2.2132
-0.5646,-0.8999,0.2396
-0.2593,-1.3122,-1.8335
-0.225,1.0664,0.7974
-0.1247,0.7412,-0.3736
-0.2752,-2.2277,-1.0715
0.1854,0.9925,1.5755
-0.2606,0.9381,1.811
-1.5332,-2.0405,2.6016
0.6774,-0.2626,-2.4848
0.2994,-0.158,0.0311
-0.8566,-1.6948,1.2686
-0.9954,-0.4134,3.1623
1.5144,1.7913,-2.8514
0.7339,1.1554,-2.0997
0.7408,-0.2285,-2.2543
0.9327,1.9137,0.2927
0.5569,0.1702,-0.9086
-1.576,-3.4208,0.8734
1.642,2.567,-2.2975
0.7566,-0.4672,-0.8496
0.7902,0.8393,0.1837
-1.1859,-1.6611,0.8844
0.0623,-1.6019,-0.5927
-2.9765,-4.6296,2.4515
1.3208,1.8504,-1.5559
0.6685,-0.4347,-2.0813
2.3019,3.9276,-0.5532
0.5822,0.0111,-1.9486
-1.751,-3.9379,1.1324
-0.1576,-0.3929,1.077
0.2023,-1.2376,-2.1282
0.312,1.4284,0.1517
-1.0361,-1.1354,0.4324
-0.4752,1.1912,-1.4896
-0.5138,0.9691,2.2985
-0.4089,-0.4839,-0.6993
2.803,3.5631,-3.4994
-0.6975,-1.0676,-0.4074
-0.1743,0.7941,1.3435
0.9586,-1.3412,-2.9151
0.7974,0.9643,-1.4852
0.5004,-0.0198,-2.1035
-0.1121,0.3871,1.3981
-2.8868,-5.6919,1.156
-1.6182,-3.3592,1.5153
1.7746,4.3221,-1.2143
-1.4249,-1.33,1.9502
-0.1252,1.3981,1.8402
0.4672,-0.0624,-0.6501
-1.0386,-2.9757,-1.3561
0.7097,0.2247,-0.5053
-0.9115,-1.4791,0.1691
0.5193,0.8941,-1.2748
-1.6902,-2.9589,1.9514
0.0362,1.9093,1.703
1.3355,3.5534,0.7221
-1.3886,-2.2871,1.5162
1.7737,2.1797,-2.8971
-0.6943,-1.488,-0.4817
-1.2354,-2.5196,0.8212
1.0364,2.384,0.727
-0.5278,-2.8325,-1.4834
-0.5977,-2.2779,-0.5756
-1.861,-3.6909,1.0762
1.0041,-0.1776,-2.6128
0.4224,1.0115,-0.9499
1.3788,1.9498,0.3491
0.122,-0.0377,-1.5058
1.125,0.5906,-1.0637
-0.2941,-0.4835,-0.1505
-1.2213,-2.2536,1.4114
1.9035,2.2698,-1.7597
0.0452,-1.2647,-2.2013
-0.6849,-4.0463,-1.7651
-1.7464,-2.9864,0.375
0.8791,2.3434,0.6736
-0.8113,-1.3217,0.9188
0.2968,1.0136,-0.6624
1.0701,0.3448,-2.8386
-0.4856,-1.5435,0.7361
-0.2649,-1.2729,-1.0093
-1.1046,-0.6741,2.9439
-1.6576,-0.4941,3.6133
1.0653,1.0976,-1.5686
-0.5133,-1.0453,1.388
-0.0075,-0.2471,-0.7818
0.5883,0.5454,-0.4639
-0.9325,1.1595,3.4328
1.9306,4.5562,-0.626
-0.861,-0.1787,2.5674
-0.5312,-1.0857,-1.5
0.7048,1.6206,-0.9214
-0.0251,-0.9209,-1.5839
-0.7382,-1.5749,-1.2364
0.0097,2.1605,3.0518
-1.583,-1.0814,3.0122
0.7222,0.5555,-2.4339
1.1764,1.4691,-1.8419
0.3587,0.9216,-0.9374
-2.7533,-3.7076,3.8637
0.0267,-1.1207,-0.4817
-0.4613,-1.1362,1.5973
-1.3305,-2.082,0.5286
-1.9395,-3.5068,2.8664
-0.3888,-1.1715,0.8396
1.6447,2.3461,-1.2405
-0.5843,-0.4631,0.8798
1.5773,1.0318,-2.5199
-0.8178,0.8133,1.2589
-0.1101,-1.4837,-1.3838
-1.3308,-2.4097,0.8637
0.0928,1.5577,-1.0134
-0.5143,-1.2329,-0.7265
-0.0878,0.6765,1.1146
1.2991,0.9226,-3.5809
0.5137,0.3194,1.5575
-0.2413,0.1136,2.0843
-1.4546,-2.4678,1.0805
-0.1145,-0.0782,0.2632
-1.7164,-1.3729,1.9098
-0.5311,0.5439,1.2234
-0.8405,-2.1078,0.1781
-0.4901,0.2928,1.0999
1.5373,3.2448,-0.7208
-0.8136,-1.0048,2.4672
2.1501,3.6798,-0.9772
0.1192,1.5315,0.82
0.1113,0.8582,-1.2799
0.0151,2.6425,2.1639
-1.0015,-0.4215,3.2713
0.5296,1.3622,-0.6898
-0.3088,2.3961,3.0408
-0.3442,-1.5539,-1.9268
0.8862,1.8244,0.4573
-0.3005,-0.3668,0.5694
-1.3845,-1.5578,1.594
-1.6934,-3.694,-0.2319
-1.2368,-2.8366,0.9378
0.3642,1.6805,0.0524
0.6892,1.2592,-0.5747
0.5715,2.7649,1.5854
-0.7494,-0.2133,-0.0004
1.8775,4.6822,1.3312
1.154,1.6412,-2.7947
-0.2354,-0.9638,-2.448
0.0533,1.6186,1.8055
-0.1756,-1.0077,-1.4638
-0.1407,-0.3467,1.353
-0.507,0.465,-0.2583
-0.0868,1.248,2.1169
-2.2768,-3.8056,0.3388
-0.9901,-3.8264,-2.9442
-0.5964,-1.3942,-0.5983
0.1994,-0.0771,0.4303
0.2096,1.5588,1.2086
1.173,2.5127,1.0875
-0.7159,-1.0415,-0.6919
1.6073,1.0913,-2.0302
0.6364,1.8784,-0.6237
0.3532,0.8319,-0.3769
2.1801,4.3937,-1.0931
-0.9097,-0.4649,1.59
-0.7751,-3.6803,-0.4093
-1.6847,-1.6853,1.7592
2.0572,1.7658,-3.12
1.1971,3.2183,-0.3744
-1.2814,-2.5562,-1.0449
0.1949,0.3975,-0.0053
-1.9583,-0.8266,2.4568
0.0034,0.0458,-0.3657
0.1986,0.553,0.7275
0.7408,0.6378,-0.4219
1.329,2.0323,-0.3874
-0.9465,-1.206,-0.0193
-0.0991,-0.761,0.1038
-2.1824,-4.9648,-0.2673
1.6192,1.5442,-1.6428
0.0071,-0.0896,-1.5895
0.6329,0.8645,-1.1966
0.4503,2.0942,1.0509
0.8414,0.7766,-1.586
0.399,1.8172,0.8085
-0.3703,-0.632,-0.4451
0.7826,1.7749,0.9022
-0.8112,-0.9253,0.6267
-1.3173,-1.3924,1.759
1.0398,2.4037,0.912
-1.0833,-1.9005,-0.1297
-0.8395,-1.1632,2.6027
0.0414,0.8443,2.1749
-0.8778,-1.378,0.2073
0.5855,1.1206,-0.145
0.5819,0.7794,-1.8395
0.3277,0.3172,-0.0508
0.0894,0.0044,1.4636
-1.4326,-2.3196,0.5831
0.096,-0.096,1.1199
0.2931,0.2245,-0.5199
1.3273,3.0438,-2.7439
-0.8817,-0.8583,0.6241
-0.2406,1.0524,0.9751
2.5186,5.1406,-1.7077
-1.536,-2.4794,1.721
1.3941,3.3852,0.6817
0.7641,1.5341,-1.607
0.0296,-0.4327,0.4032
0.4496,1.3042,0.4134
-0.2693,-0.5749,2.6392
-1.4383,-2.5059,1.048
-1.7542,-1.9936,2.5855
-0.204,-0.8516,-2.0269
0.9354,-1.1477,-2.816
-0.6846,-2.5073,-1.551
1.7746,1.4537,-1.1025
2.0192,1.9659,-2.7465
0.624,0.78,-0.0874
2.1274,2.3418,-4.2062
0.136,-0.2729,-2.4716
1.029,0.8895,-2.5112
-1.2445,-1.759,0.8911
0.2781,1.0126,1.2331
1.368,1.7368,-1.0438
0.7346,0.6099,-1.3459
-0.8277,-0.3019,1.8464
1.0229,0.3971,-2.9353
0.6712,0.6289,-0.8433
1.2178,1.2099,-1.9277
0.2832,0.0943,-1.7644
-0.2097,-1.7917,-0.0334
-0.7039,-0.9362,-0.0959
-0.0598,0.761,1.7021
-1.6509,-4.0525,0.9799
0.0164,0.5994,1.9815
1.1067,0.9389,-0.922
-0.4016,0.9205,1.7776
-0.2697,-0.4347,0.7755
0.3739,0.8199,0.6045
-0.9763,-0.645,1.3315
0.7595,-0.5135,-1.7615
0.4863,-0.3035,-1.5994
-1.632,-1.6814,0.3344
-0.6113,-1.2009,0.8291
-1.2252,-2.1903,-0.2677
0.62,0.9921,0.6142
0.0479,1.6601,1.2114
-0.3822,-0.4332,0.1552
0.0959,0.4912,1.6373
0.2097,0.1898,1.6442
-1.2347,-1.2788,0.0343
-0.4351,-1.6445,0.2242
1.9506,1.4985,-2.7641
0.7408,1.6124,0.3064
0.1658,2.1938,-0.4599
-0.4843,0.8522,1.593
-0.7222,-2.0419,-0.2278
1.3546,1.3302,0.3649
-1.6792,-1.6463,0.9545
0.6664,1.1927,-0.0009
0.6968,1.191,-1.0999
-0.5327,0.2462,0.8893
0.0701,-1.3548,-1.9001
0.5019,0.932,0.021
-0.0119,-0.1139,-1.0101
0.8362,1.0907,-0.7843
-0.1823,-0.6505,0.2067
0.5026,1.2726,-0.5929
0.8342,3.2659,1.6178
0.2159,1.1362,0.75
1.3416,2.2037,-1.2991
1.8696,2.8141,-0.6404
0.5688,3.1127,-0.3125
-0.1416,0.6385,0.9885
-0.4902,-0.8862,-0.5835
-1.3727,-0.4434,4.0823
1.7281,3.5526,-0.1288
-1.0037,-1.5755,1.6418
0.9884,0.7568,-2.3356
-0.6657,-2.4967,0.7333
0.8688,1.554,-1.1109
-1.978,-2.7156,-0.5567
0.2152,1.1674,-1.1297
-1.5745,-3.5291,0.5376
0.417,-2.1458,-1.663
-0.8357,-0.636,0.4401
0.2598,1.8235,0.5442
1.0815,2.9626,0.4719
0.6542,1.4211,-0.2594
-0.5929,0.8586,1.3803
0.2674,0.895,-0.4842
0.3665,-0.7119,-0.9702
-1.1131,-2.5751,0.0672
0.3239,0.9482,-0.8932
2.2546,4.7184,-1.4006
-0.7368,-0.5172,0.8159
-1.7007,-1.9768,1.8956
0.6987,-0.7258,-1.2152
0.1951,-0.1227,-1.1015
-0.9183,-0.0831,2.5882
1.0549,1.341,-0.6558
-0.0028,0.7962,0.3094
-0.758,-1.9753,0.8315
-0.3006,-1.3015,-1.5763
1.0801,3.8261,2.2845
0.8995,0.5706,-0.326
-0.6877,0.2426,1.5673
0.111,0.651,-1.0952
1.2425,1.8101,-0.7285
-0.7939,-2.2324,-1.4075
-1.9708,-2.1787,2.3132
0.7446,-0.8143,-1.9034
0.0098,1.5634,-0.9248
1.575,3.9572,0.675
0.71,0.4025,-1.0767
0.3082,1.4166,2.4895
0.1831,2.5312,2.0259
-1.4451,-2.6414,0.8941
0.4357,0.6193,0.3233
-1.918,-4.3898,0.7352
1.1019,0.895,-0.9298
-2.2445,-4.6578,0.699
-0.6418,-1.583,-0.769
0.6137,0.2745,-1.6304
-0.7259,-0.1525,1.0823
-1.0965,-2.4356,0.2131
-0.8895,-0.4879,0.9598
0.6983,2.0965,-0.8081
-0.5789,-0.5623,-1.1338
0.2493,0.3773,-1.8132
-0.3792,0.1556,-0.4912
-0.8943,-3.379,-2.0261
-0.3328,-1.6705,-0.3524
1.5075,0.7284,-0.9857
-0.8733,-1.4215,-0.0636
0.0341,-0.9883,-1.282
0.3197,-1.8799,-3.1823
-1.43,-2.7921,1.3667
0.9204,1.4779,-0.2065
-0.4316,-1.3057,-1.4785
0.7207,0.3445,-0.2906
0.9655,1.7887,-1.4985
-1.2048,-1.9162,0.4894
0.2025,-0.1575,0.7769
0.8843,1.0074,-0.0327
-0.4874,0.8432,0.0944
