t,a,b,c
1,-0.183611,-0.040610,0.178695
2,0.088915,-0.265796,-0.146004
3,0.398897,0.335764,-0.075293
4,0.285496,0.370222,0.279928
5,0.848438,0.532090,0.245689
6,0.699041,0.946964,0.415722
7,0.723731,0.290455,0.164320
8,0.941242,0.520057,0.247597
9,1.012902,0.782091,0.610406
10,1.028967,0.322400,0.301545
11,0.782453,0.663963,0.037222
12,0.966050,0.541072,0.313313
13,1.404344,0.666293,0.501611
14,0.629162,0.578897,0.421946
15,0.709185,0.653399,0.347365
16,0.447552,0.618909,0.147049
17,0.738035,0.317890,0.296164
18,0.303753,0.510577,0.134858
19,0.290950,0.187601,0.346462
20,0.068558,0.127043,-0.092535
21,-0.075397,0.076081,0.366419
22,-0.407337,-0.022446,0.090364
23,-0.458831,-0.203859,-0.065505
24,-0.727638,-0.553787,-0.356187
25,-0.668180,-0.144278,0.123280
26,-0.696765,-0.374303,-0.047456
27,-0.901512,-0.444023,0.132725
28,-1.026674,-0.789071,-0.002518
29,-0.962251,-0.490077,-0.070266
30,-1.163055,-0.212572,0.248876
31,-0.932382,-0.544387,-0.246812
32,-1.031202,-0.693658,-0.272020
33,-0.645959,-0.487152,-0.231673
34,-0.502321,-0.721474,-0.202158
35,-0.411370,-0.552281,-0.634264
36,-0.570777,-0.357335,-0.073100
37,-0.047184,-0.505217,-0.252200
38,-0.018935,-0.227130,-0.587506
39,0.171097,0.381072,0.391398
40,0.077504,-0.047389,0.020670
41,0.747508,,0.159761
42,0.756438,,0.495055
43,0.554236,,0.279677
44,0.986607,0.590675,0.355656
45,0.594253,0.398495,0.077121
46,0.857958,0.724536,0.295231
47,1.100659,0.673066,0.269972
48,1.017510,0.773507,0.558379
49,0.917733,0.653311,0.053931
50,1.192085,0.982907,0.455687
51,0.815537,0.418881,0.243421
52,0.829430,1.057451,0.577993
53,0.570871,0.070013,0.316883
54,0.585969,0.159427,0.115788
55,0.170831,1.086371,0.766974
56,0.341124,0.253465,-0.301213
57,0.072358,-0.132238,0.053125
58,-0.395983,-0.117622,0.185102
59,0.007041,-0.288843,-0.451214
60,-0.265375,0.002940,-0.195841
61,-0.648165,-0.416889,-0.446329
62,-0.777713,-0.130667,0.072601
63,-0.480126,-0.490245,-0.272196
64,-1.027059,-0.576793,-0.551015
65,-1.213004,-0.476392,0.049826
66,-0.861337,-0.395993,-0.147527
67,-1.107724,-0.673538,-0.411578
68,-1.152123,-1.038490,-0.815798
69,-0.944328,-0.659638,-0.424735
70,-0.661103,-0.624650,-0.195762
71,-0.600353,-0.776838,-0.782381
72,-0.556275,-0.685890,-0.080749
73,-0.485937,-0.267053,0.019209
74,-0.701231,-0.231755,-0.250501
75,-0.344350,-0.359424,-0.026081
76,0.066337,0.040600,-0.311639
77,0.011542,-0.521512,-0.281157
78,0.353822,-0.082710,0.007604
79,0.454870,0.386186,0.028813
80,0.440536,0.141461,0.421249
81,0.857542,0.370697,0.230471
82,0.820942,0.526370,0.221458
83,0.841215,0.311335,0.027300
84,1.201756,0.731251,0.378576
85,0.958384,0.680469,0.410904
86,0.902677,0.732695,0.414351
87,0.868531,0.541896,0.071150
88,0.775394,0.864551,-0.039756
89,0.823044,0.532202,0.142137
90,0.781946,0.829729,0.430148
91,0.629252,0.414634,0.181525
92,0.652058,0.376392,-0.041101
93,0.176307,0.139330,-0.208320
94,0.371324,0.327186,0.116120
95,0.260214,0.012956,0.157080
96,-0.004897,-0.280356,-0.451571
97,-0.427030,0.093817,0.306129
98,-0.626921,0.008176,-0.072518
99,-0.644417,-0.420176,-0.274888
100,-0.984535,-0.610028,-0.552142
101,-0.744872,-0.080434,0.506142
102,-0.952904,-0.917187,-0.540004
103,-1.102289,-0.235042,-0.003325
104,-1.103024,-0.485822,-0.135734
105,-1.242304,-0.801907,-0.448822
106,-0.972789,-0.672534,-0.404074
107,-0.897220,-0.800172,-0.579388
108,-0.622752,-0.575934,-0.200305
109,-0.990234,-0.628328,-0.150330
110,-0.824721,-0.306129,-0.230949
111,-0.433196,-0.468368,-0.190485
112,-0.161972,-0.426209,0.099776
113,-0.299168,-0.426078,-0.070834
114,-0.176116,-0.201387,0.080725
115,0.331452,-0.366342,-0.081983
116,0.594387,0.343909,0.123932
117,0.375030,0.158967,-0.151084
118,0.565854,0.288134,0.114929
119,0.906555,0.377844,-0.102629
120,0.990241,0.295874,0.058489
121,0.892876,0.513986,
122,0.930654,1.075891,
123,0.975765,0.902374,0.600121
124,1.111327,0.869786,0.041296
125,0.840202,0.723449,0.461495
126,1.110077,0.772791,0.338743
127,0.842549,0.598934,0.348872
128,0.835332,0.517697,0.096123
129,0.483178,0.733333,0.622863
130,0.620463,0.599344,0.466335
131,0.318471,0.462905,0.021033
132,0.126695,0.076428,0.183607
133,-0.095846,0.088378,0.124263
134,0.028593,-0.164586,-0.270042
135,-0.212955,-0.343509,-0.081274
136,-0.572685,-0.256022,-0.492190
137,-0.518285,-0.441068,-0.400265
138,-0.434537,-0.295343,0.554094
139,-0.785039,-0.591904,-0.274410
140,-0.681867,-0.597743,-0.208677
141,-0.896494,-0.828036,-0.388245
142,-1.073494,-0.930882,-0.291025
143,-0.894677,-0.683741,-0.523356
144,-1.264269,-0.599066,-0.319083
145,-1.158153,-0.686406,-0.647439
146,-0.826654,-0.605298,-0.231693
147,-0.684391,-0.541679,-0.498814
148,-0.648905,-0.604116,-0.349193
149,-0.408880,-0.290146,0.181929
150,-0.680261,-0.234360,-0.156854
151,0.209066,-0.019765,-0.340499
152,0.094157,-0.196787,0.100321
153,0.040918,0.003403,-0.024609
154,0.344544,0.022663,-0.356258
155,0.577980,0.451151,0.211921
156,0.492087,0.396847,0.311492
157,0.736198,0.448490,0.505992
158,0.691510,0.422210,-0.170022
159,0.827274,0.453610,0.034771
160,0.875262,1.011973,0.466721
161,0.982184,1.125183,0.550461
162,0.731505,0.780126,0.202647
163,1.202195,0.444934,0.106378
164,0.653778,0.688958,0.141364
165,0.798330,0.550884,0.152848
166,0.840722,0.752797,0.388871
167,0.435913,0.275370,0.191671
168,0.785474,0.308304,-0.002786
169,0.166298,0.079737,-0.154577
170,0.076704,0.476404,0.237998
171,-0.135574,-0.247761,-0.081242
172,-0.227778,-0.286556,-0.360610
173,-0.388678,0.045862,0.148257
174,-0.499499,-0.332301,-0.102039
175,-0.665451,0.063330,-0.194797
176,-0.833792,-0.210930,-0.158591
177,-0.658129,-0.553744,-0.247779
178,-0.996623,-0.886403,-0.637340
179,-0.651856,-0.529671,-0.143680
180,-0.856883,-0.575042,-0.083123
181,-1.027933,-0.744627,-0.175561
182,-1.001591,-0.957762,-0.524053
183,-0.964891,-0.541441,-0.414750
184,-0.952317,-0.684638,-0.031737
185,-0.688286,-0.522986,-0.259644
186,-0.505860,-0.291095,0.133611
187,-0.650694,-0.112910,-0.057115
188,-0.294806,0.196860,0.064525
189,0.209224,0.020924,-0.195469
190,0.157227,0.089618,0.019726
191,-0.101074,-0.010049,-0.043346
192,0.239248,0.538841,0.220539
193,0.492424,0.223834,-0.044797
194,0.565750,0.404773,0.265031
195,0.717936,0.459425,-0.048313
196,0.962119,0.405916,0.245944
197,0.813193,0.515657,0.300839
198,0.806575,1.158351,0.571835
199,0.988998,0.544893,0.591404
200,1.191749,0.759855,0.106301
