period,campaign,cases
1,0,5
2,0,4
3,0,3
4,0,7
5,0,17
6,0,8
7,0,10
8,0,10
9,0,3
10,0,3
11,0,1
12,0,5
13,0,3
14,0,3
15,0,7
16,0,2
17,0,1
18,0,5
19,0,8
20,0,12
21,0,14
22,0,7
23,0,13
24,0,7
25,0,9
26,0,7
27,0,6
28,0,15
29,0,5
30,0,6
31,0,11
32,0,13
33,0,6
34,0,3
35,0,0
36,0,9
37,0,14
38,0,19
39,0,11
40,0,10
41,0,5
42,0,9
43,0,6
44,0,10
45,0,2
46,0,8
47,0,10
48,0,4
49,0,13
50,0,7
51,0,5
52,0,9
53,0,6
54,0,3
55,0,7
56,0,3
57,0,5
58,0,1
59,0,10
60,0,4
61,0,2
62,0,6
63,0,4
64,0,5
65,0,4
66,0,6
67,0,4
68,0,3
69,0,8
70,0,15
71,0,13
72,0,7
73,0,2
74,0,1
75,0,0
76,0,2
77,0,4
78,0,4
79,0,7
80,0,15
81,0,18
82,0,4
83,0,8
84,0,4
85,0,5
86,0,9
87,0,3
88,0,2
89,0,10
90,0,13
91,0,14
92,0,7
93,0,10
94,0,17
95,0,5
96,0,5
97,0,6
98,0,6
99,0,2
100,0,0
101,0,4
102,0,6
103,0,3
104,0,5
105,0,3
106,0,2
107,0,3
108,0,3
109,0,4
110,0,3
111,0,1
112,0,1
113,0,3
114,0,2
115,0,1
116,0,8
117,0,12
118,0,4
119,0,5
120,0,7
121,0,4
122,0,2
123,0,8
124,0,3
125,0,2
126,0,1
127,0,3
128,0,5
129,0,11
130,0,13
131,0,2
132,0,2
133,0,0
134,0,5
135,0,9
136,0,7
137,0,7
138,0,9
139,0,4
140,0,7
141,0,14
142,0,6
143,0,1
144,0,4
145,0,3
146,0,2
147,0,4
148,0,4
149,0,2
150,1,7
151,1,22
152,1,15
153,1,16
154,1,10
155,1,18
156,1,9
157,1,19
158,1,11
159,1,30
160,1,14
161,1,5
162,1,19
163,1,30
164,1,26
165,1,34
166,1,28
167,1,25
168,1,14
169,1,17
170,1,16
171,1,17
172,1,12
173,1,5
174,1,16
175,1,12
176,1,16
177,1,20
178,1,29
179,1,16
180,1,52
181,1,54
182,1,34
183,1,42
184,1,29
185,1,25
186,1,32
187,1,19
188,1,25
189,1,19
190,1,30
191,1,22
192,1,38
193,1,21
194,1,55
195,1,54
196,1,12
197,1,24
198,1,27
199,1,34
200,1,36
201,1,44
202,1,25
203,1,27
204,1,7
205,1,38
206,1,5
207,1,19
208,1,9
209,1,20
210,1,43
211,1,43
212,1,48
213,1,37
214,1,19
215,1,37
216,1,30
217,1,21
218,1,19
219,1,24
220,1,9
221,1,16
222,1,20
223,1,6
224,1,29
225,1,32
226,1,25
227,1,11
228,1,13
229,1,17
230,1,20
231,1,10
232,1,28
233,1,25
234,1,28
235,1,28
236,1,8
237,1,26
238,1,16
239,1,34
240,1,30
