week,deploys,incidents
1,-0.309379,-0.148740
2,-0.684430,0.938905
3,-0.246071,0.750373
4,0.086005,-0.765178
5,-0.794514,0.212815
6,-0.177072,0.943593
7,0.022008,-0.526297
8,2.754426,0.342504
9,1.149825,0.276949
10,0.719876,-0.532819
11,-2.514163,1.820318
12,0.340594,3.208616
13,-0.859635,2.489408
14,-0.677327,0.718088
15,-0.972393,1.144023
16,-1.512701,-1.250500
17,-0.343864,-4.342592
18,-0.230454,-4.316093
19,0.640830,-3.817461
20,1.633950,-1.766894
21,-0.035924,-0.594767
22,1.934057,1.130925
23,-0.972519,0.818123
24,-0.209428,1.768201
25,1.384620,2.124384
26,1.335362,1.072814
27,-0.777312,-0.108628
28,0.329766,1.117945
29,-0.288415,0.266945
30,-3.080362,-0.755416
31,0.051226,-0.971004
32,-0.674092,-2.121501
33,-1.331823,-3.878714
34,-1.565864,-3.723037
35,-0.223450,-2.682054
36,-0.355883,-2.600418
37,0.542330,-2.467657
38,-0.813939,-1.054158
39,-0.411806,-1.851601
40,0.033561,-0.578925
41,0.283574,0.440324
42,-1.524578,-0.064981
43,-0.610620,-0.305495
44,-0.475056,-0.297435
45,0.421063,-0.938215
46,0.873172,-1.638004
47,1.033744,0.049263
48,1.668655,1.356228
49,0.765457,2.545158
50,-0.114237,1.904602
51,-0.359219,3.169700
52,-0.228539,1.503844
53,-0.644279,0.421620
54,-0.905467,0.967169
55,1.199241,0.819723
56,0.219162,-0.120106
57,1.721508,0.262841
58,0.633573,0.538931
59,0.321781,1.050570
60,0.529431,0.996867
61,0.337293,1.533315
62,-0.959842,2.482303
63,-1.867209,1.882843
64,-1.424707,-1.204195
65,-1.979830,-2.554035
66,-0.704055,-2.831993
67,-1.085358,-1.960898
68,-0.393550,-2.213031
69,-0.682746,-2.142137
70,-0.858911,-3.864516
71,0.532390,-2.078561
72,0.351382,-2.550242
73,-1.516283,-2.414316
74,-1.534162,-1.444052
75,-0.223975,-0.852326
76,1.073450,-1.621907
77,0.060915,-2.531640
78,-0.123174,-2.585147
79,-1.323589,0.194795
80,-0.753172,1.628108
81,-0.737136,-0.945635
82,0.762245,-0.359356
83,-0.111931,-0.236309
84,-0.811449,-0.011055
85,0.892954,-0.417460
86,-1.243420,0.707232
87,-0.761955,-1.260594
88,1.313293,2.048567
89,-0.717405,0.259080
90,-1.720037,-1.002721
91,1.058879,1.326805
92,1.101889,-0.475402
93,-0.614387,-2.401757
94,0.163673,-0.200851
95,-0.834719,1.971436
96,0.131231,0.074132
97,-0.674595,0.866957
98,-0.617299,-0.772228
99,-0.324546,-0.631837
100,-0.368490,0.175019
101,0.221420,-0.086338
102,1.080682,0.430756
103,1.712407,-1.235258
104,0.126311,-1.555380
105,-0.334397,-0.235772
106,-0.008898,0.395721
107,0.065654,0.098724
108,0.749200,-0.455700
109,-0.147048,-0.340307
110,1.559459,0.272502
111,1.532969,1.167346
112,0.915733,-0.255780
113,0.562111,1.913014
114,0.220832,2.309150
115,-1.046752,1.956850
116,1.116502,0.554229
117,-0.151475,-0.107345
118,0.302106,-1.429785
119,-0.328436,0.327637
120,0.361780,-0.707697
121,1.161482,1.660793
122,1.708363,0.767096
123,-0.411479,-0.812088
124,-0.566156,0.720527
125,-2.909903,1.377017
126,-1.069692,-0.867342
127,0.129817,-3.055120
128,-0.236516,-2.770329
129,0.184575,-2.510440
130,1.202712,0.347070
131,2.436322,0.416118
132,0.667083,1.363911
133,-0.475944,1.188784
134,-1.336059,1.042043
135,-2.497333,0.763395
136,0.583199,-1.657973
137,-0.986322,-1.750502
138,-0.945752,-4.126952
139,-2.612215,-1.454580
140,-0.237655,-1.458445
141,-0.314701,-1.976199
142,-0.771528,-4.070343
143,-0.883197,-1.903448
144,-0.638633,-0.408108
145,-0.429772,-0.327490
146,0.704104,-0.696578
147,0.244324,0.920209
148,-1.207469,-0.239802
149,-1.831741,2.499003
150,-1.157649,1.269913
151,-0.555783,-0.085530
152,-0.915578,-0.655047
153,0.001817,-2.198821
154,1.247413,0.456128
155,-0.076545,0.210814
156,0.695633,1.328272
157,0.321508,0.475063
158,-0.300163,-0.564171
159,0.947985,-0.657639
160,1.121157,0.576081
161,-0.428095,0.602376
162,-0.905598,1.200453
163,-2.975027,2.767395
164,-2.645504,1.803698
165,-2.454891,0.763678
166,0.950515,-2.763765
167,-0.475223,-5.197681
168,0.203952,-6.397442
169,1.078977,-0.516891
170,-0.308835,-0.834824
171,-2.403923,0.128120
172,-3.313331,2.031401
173,-3.325254,1.093411
174,-1.176229,0.545868
175,-0.097345,-2.751771
176,0.447734,-4.314518
177,-0.005788,-4.439593
178,-2.375369,-4.122832
179,-1.385783,-0.872542
180,-0.538316,-1.083997
181,1.207848,-1.542211
182,1.027519,-2.186706
183,1.111277,-3.539514
184,1.078795,-1.425828
185,1.582993,-0.292514
186,0.724005,0.767254
187,1.599442,0.673721
188,0.603582,1.395313
189,-0.285806,0.076954
190,-0.658786,2.685241
191,1.081806,1.183235
192,-0.913392,0.097565
193,0.361660,-0.316408
194,0.589259,-0.677730
195,0.747081,-0.678294
196,-0.307812,0.569205
197,0.906281,0.369034
198,-1.015487,1.920211
199,-0.334233,1.607384
200,-0.814891,3.001278
201,-0.513419,0.495660
202,1.034872,-1.029202
203,1.116343,-1.203908
204,1.479586,-2.156705
205,0.325687,0.998752
206,-0.965801,1.456458
207,0.267735,4.273506
208,0.594087,2.219744
209,0.868742,0.408459
210,0.876080,2.610925
211,1.290168,0.754408
212,0.734612,-0.410245
213,0.797044,-0.648946
214,-0.700731,2.252855
215,-0.817229,1.179157
216,1.606130,0.495678
217,1.336136,-1.393081
218,1.063922,-1.558150
219,0.184883,1.481355
220,0.891708,1.379892
221,1.452746,0.988674
222,1.953241,0.169497
223,1.971197,0.827995
224,0.949843,0.726247
225,-1.152243,2.130552
226,-1.879357,1.856048
227,-1.709816,0.854260
228,-1.479745,0.006443
229,-0.297106,0.068593
230,1.053385,0.605093
231,1.102083,0.773316
232,-0.413726,-1.224471
233,-1.999322,1.074337
234,-1.773745,1.601660
235,-0.152855,1.498919
236,-1.163097,-2.177659
237,-1.410806,-3.568131
238,-0.555803,-1.866504
239,-0.841932,-1.335216
240,-0.787062,-1.876531
