date,riders
2014-07-01,15540.97917
2014-07-02,15284.16667
2014-07-03,14794.625
2014-07-04,11511.77083
2014-07-05,11572.29167
2014-07-06,11464.27083
2014-07-07,13261.875
2014-07-08,15136.14583
2014-07-09,15595.14583
2014-07-10,15866.58333
2014-07-11,16229.58333
2014-07-12,16562.77083
2014-07-13,14909.39583
2014-07-14,14494.35417
2014-07-15,15173.5625
2014-07-16,15635
2014-07-17,16027.125
2014-07-18,16277.83333
2014-07-19,16453.5625
2014-07-20,14609.75
2014-07-21,13949.0625
2014-07-22,15581.95833
2014-07-23,16347.27083
2014-07-24,16074
2014-07-25,16389.29167
2014-07-26,16630.83333
2014-07-27,14824.95833
2014-07-28,12615.85417
2014-07-29,14745.875
2014-07-30,15411.66667
2014-07-31,15845.0625
2014-08-01,16024.16667
2014-08-02,16283.66667
2014-08-03,14571.85417
2014-08-04,13796.14583
2014-08-05,14806.83333
2014-08-06,15370.89583
2014-08-07,15713.75
2014-08-08,15806
2014-08-09,15499.70833
2014-08-10,13607.97917
2014-08-11,13239.64583
2014-08-12,14426.5
2014-08-13,15178.91667
2014-08-14,15394.39583
2014-08-15,15744.5625
2014-08-16,15470.66667
2014-08-17,13915.91667
2014-08-18,13154.79167
2014-08-19,14203.25
2014-08-20,14734.1875
2014-08-21,15441.3125
2014-08-22,14817.1875
2014-08-23,14824.39583
2014-08-24,13304.20833
2014-08-25,12539.0625
2014-08-26,13600.75
2014-08-27,14525.58333
2014-08-28,14494.10417
2014-08-29,14578
2014-08-30,13955.27083
2014-08-31,12969.89583
2014-09-01,11589.875
2014-09-02,14122.47917
2014-09-03,15225.70833
2014-09-04,16239.79167
2014-09-05,17370.04167
2014-09-06,18369.04167
2014-09-07,16045.16667
2014-09-08,14872.52083
2014-09-09,15473.375
2014-09-10,16046.83333
2014-09-11,16459.27083
2014-09-12,16979.625
2014-09-13,18617.72917
2014-09-14,16248.54167
2014-09-15,14438.41667
2014-09-16,15310.10417
2014-09-17,15478.10417
2014-09-18,16029.27083
2014-09-19,17048.375
2014-09-20,17974.08333
2014-09-21,14468.95833
2014-09-22,13586.14583
2014-09-23,13729.35417
2014-09-24,14349.77083
2014-09-25,14871.77083
2014-09-26,15760.04167
2014-09-27,17801.79167
2014-09-28,15608.41667
2014-09-29,13715.16667
2014-09-30,14871.45833
2014-10-01,15707
2014-10-02,16075.8125
2014-10-03,16957.77083
2014-10-04,16966.58333
2014-10-05,14913.60417
2014-10-06,14067.0625
2014-10-07,14926.95833
2014-10-08,15658.5
2014-10-09,16509.83333
2014-10-10,17177.25
2014-10-11,18706.41667
2014-10-12,15967.97917
2014-10-13,13616.60417
2014-10-14,14787.66667
2014-10-15,15707.35417
2014-10-16,16655.04167
2014-10-17,17285.54167
2014-10-18,18778.95833
2014-10-19,16712.08333
2014-10-20,14305.875
2014-10-21,15257.08333
2014-10-22,15855.66667
2014-10-23,16335.64583
2014-10-24,17251.79167
2014-10-25,18301.29167
2014-10-26,15893.875
2014-10-27,14151.52083
2014-10-28,14908.29167
2014-10-29,15575.3125
2014-10-30,16204.66667
2014-10-31,17473.35417
2014-11-01,20553.5
2014-11-02,15702.1875
2014-11-03,14207.14583
2014-11-04,14566.8125
2014-11-05,15365.02083
2014-11-06,16214.1875
2014-11-07,17054.45833
2014-11-08,18857.33333
2014-11-09,15972.1875
2014-11-10,13970.41667
2014-11-11,13772.52083
2014-11-12,15144.27083
2014-11-13,15905.375
2014-11-14,17105.72917
2014-11-15,18415.79167
2014-11-16,15780.0625
2014-11-17,13722.79167
2014-11-18,15499.4375
2014-11-19,15568.625
2014-11-20,15733.3125
2014-11-21,17223.70833
2014-11-22,18688.0625
2014-11-23,15328.5
2014-11-24,13652.625
2014-11-25,14063.35417
2014-11-26,14973.375
2014-11-27,10899.66667
2014-11-28,12850.85417
2014-11-29,14674.16667
2014-11-30,13298.27083
2014-12-01,13683.625
2014-12-02,14981.1875
2014-12-03,15001.66667
2014-12-04,15795.89583
2014-12-05,17291.58333
2014-12-06,18561.625
2014-12-07,16544.79167
2014-12-08,14759.72917
2014-12-09,14873.5625
2014-12-10,15240.75
2014-12-11,16117.08333
2014-12-12,17330.0625
2014-12-13,18264.08333
2014-12-14,15851.60417
2014-12-15,14061.52083
2014-12-16,15043.08333
2014-12-17,15677.10417
2014-12-18,16638.66667
2014-12-19,17827.47917
2014-12-20,17971.64583
2014-12-21,15262.41667
2014-12-22,13361.0625
2014-12-23,13451.875
2014-12-24,12502
2014-12-25,7902.125
2014-12-26,10397.95833
2014-12-27,12220.91667
2014-12-28,12004.75
2014-12-29,12250.47917
2014-12-30,13659.6875
2014-12-31,14686.27083
2015-01-01,14383.47917
2015-01-02,12639.91667
2015-01-03,15044.0625
2015-01-04,11785.60417
2015-01-05,12502.75
2015-01-06,13164.10417
2015-01-07,14729.47917
2015-01-08,15529.5
2015-01-09,15559.14583
2015-01-10,18597.16667
2015-01-11,14973.4375
2015-01-12,13494.625
2015-01-13,15299.9375
2015-01-14,15085.39583
2015-01-15,15412.89583
2015-01-16,16564.45833
2015-01-17,17269.9375
2015-01-18,15481.72917
2015-01-19,11982.85417
2015-01-20,13759.41667
2015-01-21,14665.54167
2015-01-22,15403.66667
2015-01-23,16298.91667
2015-01-24,16635.375
2015-01-25,14463.79167
2015-01-26,7818.979167
2015-01-27,4834.541667
2015-01-28,12947.5625
2015-01-29,14686.14583
2015-01-30,16676.625
2015-01-31,18702.47917
