week,campaign,x1,y
1,0,100.419082,119.005527
2,0,100.473535,120.692305
3,0,101.213376,119.743829
4,0,100.029872,119.857583
5,0,99.487331,119.522301
6,0,99.748624,119.315372
7,0,100.911514,120.163435
8,0,101.031129,121.495056
9,0,100.685647,120.175376
10,0,99.738683,120.519927
11,0,98.348969,118.162559
12,0,99.950642,119.284317
13,0,99.885654,120.155210
14,0,99.851633,118.399137
15,0,102.161469,124.001242
16,0,103.159473,124.566844
17,0,103.042665,123.749810
18,0,101.928543,121.846979
19,0,100.769900,122.259349
20,0,100.293754,118.598596
21,0,100.216755,120.443556
22,0,99.593532,119.988549
23,0,98.749339,118.402585
24,0,98.688171,119.006824
25,0,97.946563,117.859481
26,0,97.490325,118.303360
27,0,97.590612,116.560376
28,0,97.621572,116.916051
29,0,99.321272,117.676276
30,0,99.702893,120.110552
31,0,98.362697,116.075642
32,0,99.952625,119.210759
33,0,98.235184,118.486412
34,0,98.836618,120.180240
35,0,99.722713,120.040805
36,0,99.060191,117.677733
37,0,97.172878,117.510730
38,0,96.904475,115.927602
39,0,98.916931,118.633601
40,0,98.140990,118.036151
41,0,97.726164,117.039208
42,0,96.697660,114.591938
43,0,95.536595,113.780581
44,0,95.365497,116.992994
45,0,93.770044,111.973150
46,0,92.990909,110.533748
47,0,91.472578,108.001063
48,0,92.470298,111.301512
49,0,91.988860,110.931874
50,0,91.560993,111.152327
51,0,91.699866,109.256775
52,0,91.993186,111.113468
53,0,91.016990,108.051338
54,0,89.499376,105.358067
55,0,89.302797,106.560043
56,0,88.654778,105.608778
57,0,88.830098,106.972169
58,0,89.465662,107.086642
59,0,88.774328,106.114010
60,0,88.114242,106.420989
61,0,86.282122,102.570901
62,0,86.821720,104.795895
63,0,84.786942,102.720104
64,0,85.535093,102.461780
65,0,86.802592,104.935803
66,0,87.243757,104.653629
67,0,86.964382,103.502821
68,0,87.604477,106.821815
69,0,87.973312,106.208030
70,0,87.056683,105.171562
71,1,86.483753,114.757399
72,1,86.955922,115.809569
73,1,88.833373,117.077584
74,1,89.675161,118.540873
75,1,90.462366,119.241826
76,1,92.566371,121.372033
77,1,92.765647,122.239667
78,1,91.322831,120.212553
79,1,92.821809,123.413892
80,1,93.438968,120.508324
81,1,91.448615,121.258936
82,1,91.381575,120.244074
83,1,91.829103,121.028699
84,1,91.810997,118.253950
85,1,91.204670,120.324598
86,1,90.110864,118.946949
87,1,91.868911,118.150660
88,1,92.820705,120.021257
89,1,90.916089,118.663853
90,1,91.549354,119.614172
91,1,92.751332,122.965895
92,1,93.060914,122.323063
93,1,92.129133,121.369359
94,1,92.046183,120.110281
95,1,90.848942,119.063809
96,1,90.327999,115.958538
97,1,90.260185,117.181903
98,1,89.852777,118.262640
99,1,88.406384,114.446536
100,1,87.705276,114.712086
