t,X1,X2,X3
1,0.257400,-0.908481,-0.378503
2,-0.431956,0.765709,-0.346381
3,0.325406,1.937543,0.856578
4,-0.309052,0.462609,0.940078
5,-1.792284,-0.939639,0.558597
6,-0.841227,0.398646,-1.705462
7,-1.383330,-1.358883,-1.086457
8,-0.714162,0.854364,-1.693384
9,-0.231220,0.640578,-1.115909
10,0.463119,0.425226,0.340578
11,-1.222631,1.259600,0.288073
12,-0.301874,-0.864619,0.889629
13,-2.167819,0.928620,-0.623430
14,0.661858,-0.017671,-0.689513
15,1.092873,2.724292,-0.338509
16,-0.144120,0.926405,1.588607
17,-1.356809,1.188204,0.087258
18,-1.610437,-1.670906,-1.720363
19,-2.130217,-1.114449,-0.791624
20,0.106587,-2.451971,-1.420708
21,0.047840,0.030551,0.093260
22,0.109416,-1.815689,-0.105114
23,0.154643,-1.162888,-0.224119
24,-1.237368,-0.561722,0.546883
25,1.594112,-2.047384,-0.726067
26,-0.323824,0.409097,0.674327
27,0.703363,0.870172,0.138439
28,0.166853,1.939874,0.713677
29,1.583183,-0.935273,2.112871
30,0.015545,-0.258753,1.697336
31,-1.157484,0.502195,0.057439
32,-0.175639,-1.636919,-1.015444
33,0.026676,-0.802407,1.164022
34,0.596481,-0.018373,-1.488641
35,0.616782,1.648165,-0.719027
36,0.048358,-2.099543,-1.029587
37,-2.064696,-0.491891,-0.425259
38,-0.931695,-2.029809,-0.553729
39,-1.605481,-1.335254,-0.221916
40,-0.821585,-1.615208,-2.015491
41,-0.663603,-0.341321,-3.199219
42,-0.423470,-1.151134,-1.494595
43,1.603793,-1.088399,0.744567
44,1.741826,0.826032,1.433131
45,0.877965,0.641916,2.276056
46,-0.261512,0.842893,-0.898570
47,-0.967887,0.604909,-1.576093
48,-0.053190,-1.003279,-0.160199
49,1.236668,-0.160592,-0.100160
50,0.535103,0.796045,2.027276
51,2.718906,-0.720075,-0.045517
52,2.450732,0.544937,0.517554
53,3.095664,1.604719,1.620633
54,0.729435,3.229721,1.520055
55,2.066163,2.232567,0.914821
56,0.274760,2.224342,2.764730
57,2.727347,2.368403,2.034653
58,1.133984,3.852168,2.173128
59,0.785477,3.120135,2.052501
60,-0.350502,-0.046899,1.667081
61,-0.005564,0.670568,0.312662
62,-0.381809,1.251229,1.086217
63,-2.261917,-1.411014,0.188433
64,-0.970005,-2.193631,-0.702880
65,1.627497,-2.368541,-0.957385
66,0.625617,0.633979,-0.371608
67,0.717677,0.664827,2.365349
68,0.671881,0.001294,-0.285176
69,0.170808,-0.278944,-0.038907
70,0.413976,0.270900,0.301794
71,1.557853,0.779009,3.093801
72,0.784476,0.917303,0.521544
73,-1.000581,1.731139,1.354529
74,-0.489931,-0.405444,-1.181653
75,-0.362340,-0.341096,-2.715134
76,0.580257,-2.383211,-0.731200
77,0.187405,-0.016709,-0.461679
78,1.768440,0.844263,0.628096
79,0.528440,1.415933,2.312035
80,1.513667,2.194863,1.017131
81,0.662168,2.049106,1.102925
82,-0.444398,1.244709,1.267718
83,0.345945,-0.013201,-0.588802
84,0.637644,0.639199,-0.853526
85,1.203887,1.397940,0.148426
86,-0.772687,0.047965,1.321703
87,-0.834519,-0.800598,-1.273259
88,0.489452,-2.716132,-1.013811
89,0.550976,0.139713,0.520726
90,-0.999140,0.015105,-0.202632
91,-1.571753,-1.056347,0.417789
92,0.550888,0.211907,0.891915
93,0.756969,-1.226250,0.153093
94,0.344343,-0.158595,0.155643
95,-1.605181,1.542275,0.435702
96,-1.636294,0.048951,-0.740788
97,-1.005099,0.480911,-0.697534
98,-1.421520,1.403316,-1.257655
99,-0.029731,2.094871,-1.880984
100,-0.484288,1.558548,-0.406467
101,0.672604,1.890273,-1.248862
102,-0.167185,0.385576,-0.658315
103,0.263308,1.694880,-0.402648
104,0.318231,0.190766,-2.184788
105,-0.718804,-0.388174,-1.125495
106,0.496135,1.456169,-1.043350
107,1.253849,-0.447412,-0.022624
108,0.093173,-2.372612,-0.802497
109,-1.627550,0.019983,1.106933
110,0.246674,0.827250,1.025192
111,-1.861421,1.098495,2.157593
112,-0.080824,1.121566,1.479848
113,0.022160,-0.650314,-0.916828
114,-0.224764,-0.189519,-2.855979
115,2.819628,-0.344956,0.438905
116,1.152406,-0.810190,2.347547
117,-0.087368,-1.394571,1.297684
118,0.943208,-0.141633,0.224453
119,-1.023892,-0.615257,-0.962707
120,-0.407724,1.743997,0.094978
121,0.185363,-0.743087,0.507748
122,-0.462460,-2.298837,1.474980
123,-0.440193,-0.326401,0.914398
124,1.082403,-0.544707,1.732405
125,0.387985,-1.725795,0.629176
126,-0.481772,-0.892348,1.693686
127,-2.083890,0.135103,0.491085
128,-1.149128,1.033095,0.827747
129,-1.065741,-1.780352,-1.261361
130,-0.736200,1.117294,0.175817
131,-2.453135,1.404150,0.160306
132,-1.509107,1.628262,0.633890
133,-0.312195,0.534287,-0.898796
134,-0.014341,2.231223,0.780569
135,0.588473,-0.388048,-0.580622
136,0.896427,0.271417,-0.983180
137,0.190516,-1.384445,-0.875037
138,1.081746,-0.832154,-1.192121
139,-1.052340,-1.153864,-0.667460
140,1.023743,-0.462314,-1.157991
141,1.036139,-0.637377,-0.353337
142,0.575468,-1.378492,-0.029859
143,0.993416,-1.938099,0.878293
144,1.465629,-1.796594,3.160330
145,2.473037,-3.268196,1.967777
146,1.741352,-3.793895,1.105285
147,0.226019,-1.461294,-0.639599
148,-0.899219,1.291281,-0.153034
149,0.416343,2.005030,-0.177766
150,-0.250926,0.821338,1.735379
151,0.058257,0.850545,0.338458
152,0.371498,-0.282848,0.472063
153,1.140951,1.097094,1.088790
154,0.922795,1.513609,0.272408
155,0.199040,-2.013018,0.414167
156,0.761282,0.383656,0.021667
157,2.637794,0.476765,-1.049486
158,1.458061,-1.708342,1.030585
159,0.639343,-2.357750,0.635143
160,-0.277822,-2.897963,-0.645866
161,0.048371,-1.212890,1.117254
162,-1.295675,-1.165266,-0.659663
163,-0.346884,1.944048,-0.174920
164,-0.331087,2.082809,2.266706
165,0.267115,-1.074491,-0.573709
166,0.656646,-0.129347,-2.301816
167,0.781869,0.146590,-2.032063
168,1.952156,-0.325670,-0.045809
169,0.239011,0.250828,2.344831
170,0.298303,1.441064,-0.391537
171,0.195945,-0.692371,-0.265424
172,-0.815169,-0.615585,0.603066
173,-1.939796,-0.845059,-0.203318
174,-0.139485,2.878324,-0.420790
175,-0.095567,0.514457,-0.716118
176,0.117882,-0.237736,0.588134
177,-0.144803,0.469031,1.266876
178,0.698328,-0.489628,0.837692
179,0.997831,-0.819874,1.752494
180,0.262485,-1.453829,-0.082053
181,0.401290,0.119222,-0.215891
182,1.213680,1.714950,-0.865402
183,1.187788,1.097155,-0.798523
184,-0.749185,0.106199,0.186782
185,-0.953356,1.103311,0.419250
186,-0.530522,1.603380,-0.139492
187,0.368520,-1.642484,-0.482820
188,0.221217,-1.885900,-0.389643
189,-0.514391,-0.670727,-1.414672
190,-1.517106,-0.960488,-1.430317
191,-1.745416,0.690762,1.441593
192,0.158795,-0.178537,1.693116
193,0.727837,-0.279871,-0.605583
194,1.904753,-1.563672,-0.514746
195,2.441811,-1.483487,0.573509
196,0.978275,-2.307586,0.301454
197,1.732742,-1.335204,0.756324
198,-0.584138,-1.081706,0.593919
199,-0.097600,1.291240,1.693373
200,1.027314,0.626811,0.758810
201,0.658653,0.418776,-0.759384
202,-1.345784,0.806748,-1.725141
203,-2.595866,2.674212,-1.119928
204,-2.732416,3.715609,-0.395435
205,-1.417498,2.830218,-0.148485
206,-0.214954,1.279552,0.165406
207,-0.091593,-1.872929,-1.407154
208,-1.061640,-0.727150,-0.003908
209,1.402356,-0.708598,0.264384
210,1.080417,-0.188464,-0.134100
211,0.750384,-0.571107,0.591099
212,0.862376,-3.657670,-0.104869
213,0.613351,-3.345250,1.419025
214,-0.156832,-0.317188,-0.668485
215,-0.182375,0.067642,-0.726389
216,-0.891154,0.598013,0.034898
217,-0.687432,1.847928,0.475353
218,-0.645933,-0.444457,1.132455
219,-0.189786,-0.582714,-1.367394
220,1.529433,0.137667,-1.227367
221,0.348463,-2.928799,0.607893
222,0.326097,-0.293320,-1.560710
223,0.459415,-0.694748,0.072003
224,0.270577,-0.861677,-0.836459
225,-0.399126,-1.812105,-0.417625
226,1.793137,0.604778,0.833197
227,1.051384,-0.426117,0.204318
228,-0.599219,-1.747111,1.149804
229,-0.846686,-0.155553,1.168492
230,-0.748618,1.005053,-0.697994
231,-0.642078,0.269098,0.429956
232,0.291293,1.036112,0.073015
233,0.610420,-0.539511,-0.401707
234,0.937392,-0.708338,-0.967681
235,0.370547,0.538420,-0.545196
236,0.164329,0.662412,0.968339
237,0.455445,-0.282675,1.151787
238,-0.461366,1.689004,-0.444396
239,0.622105,-0.046255,1.175085
240,-2.154258,-1.187975,-1.461785
241,-1.993453,1.629367,1.330073
242,-1.600031,-1.174810,0.126181
243,-0.904470,-1.324022,-3.104649
244,0.188002,-2.229144,-1.749948
245,0.034026,-1.747207,0.581866
246,0.397657,-0.310313,0.555750
247,-0.805797,-1.565451,1.861169
248,0.335604,1.015481,-0.170398
249,-0.696335,0.074101,-0.385463
250,-0.386039,-1.788464,-2.063709
251,-0.317799,-0.407763,-1.170549
252,0.954606,-0.278858,-1.032465
253,0.593699,0.861064,2.004427
254,-1.129297,1.476273,-0.630704
255,-2.657908,-1.966633,-0.514895
256,-0.481173,-1.379710,-3.904238
257,-1.112321,-1.834872,-2.510818
258,-1.210833,-2.187301,-0.866995
259,-0.769799,-1.836809,-1.512063
260,0.149266,-0.572479,-0.032646
261,0.396593,0.829982,1.924626
262,0.248137,-0.481072,-0.695614
263,-0.922378,0.082452,1.748952
264,-0.825180,1.249123,-0.037315
265,-1.425912,-1.031705,-0.952054
266,-0.541490,-1.674470,-1.271916
267,1.366199,0.207953,-0.909771
268,-1.495542,1.285947,0.929446
269,0.377542,-0.661899,-2.070751
270,0.071585,0.338916,-1.638660
271,-0.547094,-0.969999,1.372710
272,-1.262746,-1.276224,0.237812
273,-0.981787,-1.179340,-1.059807
274,-0.229874,-0.232746,-0.668183
275,0.698002,-0.267270,-0.341920
276,-0.284091,-0.137196,-0.283981
277,0.394893,0.704931,0.324463
278,0.891223,0.579441,-0.140012
279,1.604587,0.981247,-1.505283
280,0.455403,0.959530,0.542489
281,-1.505735,1.001554,0.003317
282,0.621613,-2.607997,0.116790
283,-0.125412,0.114220,-0.403562
284,0.343260,-1.381079,0.278803
285,-0.695967,-1.742089,0.638662
286,0.279041,-1.245286,0.416395
287,1.731475,0.872777,-0.765910
288,-1.405898,0.839135,-0.231085
289,0.605069,-1.204215,-2.140817
290,1.308210,0.365852,-0.672958
291,2.520962,1.449594,-0.683619
292,-0.492355,1.362099,2.630100
293,1.456185,0.008076,-0.122406
294,1.288804,2.392865,-0.698494
295,0.139546,2.269494,1.627356
296,-0.365747,1.147802,2.023988
297,-2.528462,0.739106,1.880018
298,-1.665660,-2.273414,-2.306117
299,-0.715580,-1.227718,-2.776398
300,0.346171,0.559351,-0.088320
301,2.198339,0.869800,0.403050
302,1.999874,0.691141,0.585398
303,0.237097,0.430957,2.349490
304,0.268165,-0.225399,-1.125479
305,-0.922173,1.583473,1.814382
306,1.396904,0.091586,-1.299433
307,-0.120170,1.761377,2.914929
308,0.748043,0.442193,0.933265
309,-0.932579,-0.763806,0.124582
310,-0.504826,-1.929518,1.097463
311,-1.031143,-1.137823,-0.889073
312,-1.568283,-1.854514,0.653656
313,-0.048485,-1.655955,-1.140491
314,1.203238,-0.254634,-0.663194
315,0.914861,-0.199142,0.227683
316,1.705770,2.526533,-0.339171
317,0.490342,2.151819,0.947449
318,1.216016,-0.101968,0.983058
319,1.343755,2.626249,-0.144881
320,0.417644,2.033884,0.694194
321,-0.806183,-0.497747,1.428629
322,0.255424,0.520549,-1.038589
323,-0.444448,2.074117,0.780249
324,0.608843,0.937897,-2.016970
325,1.397220,-1.003030,-0.852466
326,0.879177,0.866195,0.282836
327,0.328189,0.771053,1.247669
328,0.609832,0.628126,1.067957
329,0.516555,0.918913,1.201449
330,0.063188,0.515188,1.744528
331,-0.603503,-0.925230,1.132808
332,0.253359,0.399668,-0.000880
333,0.325153,0.045607,-1.285928
334,-0.064245,1.040396,0.057885
335,0.974112,0.903720,-0.173138
336,2.734503,2.581107,0.227181
337,1.022785,4.205458,3.961711
338,2.210133,0.758005,2.381971
339,2.531003,1.815000,3.935300
340,1.039514,2.886344,2.543521
341,0.015763,0.951356,1.543619
342,-0.744970,1.767056,0.197781
343,0.049480,-0.209357,0.824473
344,0.244093,0.744583,0.562380
345,1.536701,0.333615,-1.416571
346,1.053746,1.491366,0.440668
347,0.119956,1.198810,0.989728
348,1.033864,0.231505,1.217894
349,-1.380314,1.092647,-0.382764
350,0.229245,1.884221,-2.188831
351,1.582701,-0.001745,-0.515003
352,1.499162,0.299718,1.058507
353,-0.438484,2.245430,1.059989
354,-0.645173,-0.019920,-0.884517
355,-0.444186,-2.459963,1.167745
356,0.554309,-1.010558,-1.554459
357,0.780305,0.414839,-1.071810
358,0.351447,0.415282,-2.513521
359,0.301383,1.127516,-1.692865
360,-0.288281,0.608163,-1.102169
361,0.074958,0.801600,-0.558899
362,-0.152045,-0.656249,-0.422809
363,-0.712801,1.579757,0.341449
364,1.207408,1.394173,-1.649966
365,2.279836,1.172168,0.880323
366,0.294253,1.896504,0.638575
367,1.044037,0.740267,0.660729
368,-0.274657,0.949061,0.808816
369,-0.482204,-1.227636,0.135431
370,0.968561,-1.118260,1.634262
371,0.588573,1.331155,1.743609
372,-0.404747,1.237131,0.552994
373,0.123203,0.838486,-0.850782
374,1.234570,-0.052683,-1.138341
375,0.562897,-0.156391,-0.595021
376,-1.017674,2.540241,0.998742
377,0.109743,0.591812,0.203630
378,1.234381,0.551308,0.312058
379,-0.711623,0.302051,1.359131
380,-1.621573,0.425854,-0.125354
381,-0.993851,0.626389,-2.058466
382,-0.333873,-0.890651,0.380881
383,-0.891185,-0.523888,-0.675644
384,0.169539,0.049981,-2.267107
385,-0.339973,0.375892,-0.034656
386,-0.481537,-0.104187,0.575585
387,0.765656,-2.601335,-0.284495
388,-0.172583,-0.041653,1.092486
389,-0.843270,-0.424963,0.336131
390,0.233589,-1.448374,-0.528030
391,-1.084647,-0.276640,0.078790
392,-1.649360,0.186910,-0.122278
393,-1.576922,-0.835844,-0.930685
394,-2.443736,-1.803139,-1.098121
395,-2.490690,-2.767500,-1.457990
396,-0.593049,-3.887199,-1.079618
397,0.301952,-0.979179,1.557188
398,-0.077787,0.900140,-0.833865
399,0.577558,2.581579,0.461344
400,-0.139267,-0.398213,0.085130
401,0.360104,-2.181871,0.148943
402,-0.358159,-1.237547,0.622977
403,-0.711968,-1.215779,-0.587672
404,-1.352901,-0.544999,-2.477128
405,-0.360867,-0.519348,-0.703762
406,0.281107,0.834056,-1.712360
407,-0.215984,-0.351068,-2.151423
408,0.392773,0.536667,-0.851004
409,1.320049,0.218020,-0.401523
410,1.069829,1.340267,1.749501
411,-0.253541,-0.312501,0.365305
412,-1.128088,0.089676,0.683522
413,0.549331,-1.574349,-0.969924
414,-0.483977,0.298173,0.291679
415,0.147836,-1.056952,-1.292005
416,-0.193921,-1.289645,1.290076
417,0.388873,-1.751754,1.371288
418,-0.098816,-0.177750,1.677797
419,0.391160,-0.621025,0.865454
420,-1.379392,-1.255796,1.109041
421,-0.634257,-2.305225,-0.533099
422,0.184512,-2.161657,0.378525
423,1.187542,0.040590,-0.929564
424,0.673600,1.851613,-0.114646
425,-0.516145,-0.015315,-0.439575
426,-0.802478,0.197435,0.568419
427,-1.656816,0.037229,0.304593
428,0.014755,-0.091078,-2.274275
429,-1.044944,0.975541,0.348344
430,-2.113888,-1.301957,0.230170
431,-0.860340,-1.050757,-1.311323
432,0.307918,-2.028495,-1.740196
433,-0.533979,-0.024804,0.350242
434,0.036013,-0.797572,-0.248809
435,-0.196055,-0.168321,0.317103
436,0.146566,-0.280003,-1.349084
437,-0.844256,-0.296647,-1.814715
438,0.683870,-0.423110,0.651594
439,1.195484,0.657011,1.343100
440,1.777466,0.604851,1.534660
441,0.660973,1.601363,1.939107
442,0.580534,1.882305,2.797224
443,-0.056554,0.038230,0.816458
444,0.886595,-0.115491,-1.151514
445,0.820875,0.247812,-0.158077
446,0.110165,-0.170053,0.250059
447,0.685088,2.036336,1.843295
448,-1.315774,1.089635,1.895870
449,0.439489,-0.960408,-0.917802
450,1.607234,1.210887,-0.629939
451,1.135125,1.763773,0.885714
452,1.275927,1.741828,-0.049610
453,-0.964785,2.423130,0.326147
454,0.261866,0.335940,1.751235
455,-0.215072,0.861272,1.472944
456,-0.178838,0.636685,0.071167
457,-0.364446,0.246632,0.543677
458,0.860817,-0.899999,1.081051
459,0.843503,0.061423,-0.582559
460,-0.720037,-0.677765,-0.952630
461,-0.615341,0.173900,1.338159
462,0.642628,0.850136,-1.182320
463,2.084988,-2.188931,-0.855033
464,1.513495,0.245527,0.367767
465,0.203586,-1.985461,1.848207
466,-0.379671,1.153303,1.304144
467,0.080235,1.262407,1.566797
468,0.707601,-1.479724,1.569017
469,-2.044888,-0.768946,-0.454952
470,-1.462700,0.506930,-0.615237
471,-0.421062,0.614032,0.307900
472,-0.656700,-2.358513,-1.430681
473,-1.098934,-0.968794,-1.384152
474,-1.036305,0.877164,-0.484330
475,0.743187,0.664788,-1.295440
476,0.337592,-0.340778,0.520530
477,-0.318074,0.779454,-1.205191
478,-0.511348,0.569301,2.068646
479,0.605586,-0.915783,1.256906
480,1.883485,-1.216274,0.736713
481,3.031646,0.194525,-0.438271
482,0.609196,-0.528799,1.083620
483,-0.930673,0.094330,1.967446
484,2.322432,-0.215136,-0.053557
485,2.691965,-2.711107,-0.080810
486,0.964383,-3.359356,-0.760407
487,-0.543924,-1.943523,-0.688043
488,-0.922707,-1.739970,1.532084
489,0.191676,0.453289,1.432499
490,-0.870337,0.051405,1.969575
491,1.124618,0.408183,1.479262
492,0.413321,-0.093257,0.626683
493,-2.211761,1.396972,0.865225
494,-1.581962,1.735327,0.199280
495,0.296361,2.843997,1.208468
496,0.969317,-0.439164,1.122872
497,0.859788,-0.911292,0.249417
498,1.280951,-0.068412,0.096399
499,-1.393407,-2.630917,-1.444402
500,-0.588354,0.631250,0.303934
