period,year,season,cases
1,1990,1,2
2,1990,2,3
3,1990,3,4
4,1990,4,1
5,1990,5,6
6,1990,6,9
7,1990,7,12
8,1990,8,8
9,1990,9,5
10,1990,10,7
11,1990,11,11
12,1990,12,9
13,1990,13,6
14,1991,1,6
15,1991,2,9
16,1991,3,6
17,1991,4,12
18,1991,5,8
19,1991,6,7
20,1991,7,5
21,1991,8,10
22,1991,9,12
23,1991,10,12
24,1991,11,9
25,1991,12,12
26,1991,13,8
27,1992,1,9
28,1992,2,14
29,1992,3,5
30,1992,4,5
31,1992,5,9
32,1992,6,14
33,1992,7,8
34,1992,8,10
35,1992,9,16
36,1992,10,13
37,1992,11,12
38,1992,12,10
39,1992,13,7
40,1993,1,9
41,1993,2,6
42,1993,3,8
43,1993,4,6
44,1993,5,4
45,1993,6,6
46,1993,7,6
47,1993,8,11
48,1993,9,8
49,1993,10,10
50,1993,11,11
51,1993,12,13
52,1993,13,5
53,1994,1,6
54,1994,2,3
55,1994,3,4
56,1994,4,8
57,1994,5,2
58,1994,6,7
59,1994,7,12
60,1994,8,12
61,1994,9,14
62,1994,10,12
63,1994,11,7
64,1994,12,7
65,1994,13,8
66,1995,1,7
67,1995,2,7
68,1995,3,3
69,1995,4,5
70,1995,5,5
71,1995,6,10
72,1995,7,7
73,1995,8,8
74,1995,9,13
75,1995,10,13
76,1995,11,11
77,1995,12,12
78,1995,13,6
79,1996,1,8
80,1996,2,4
81,1996,3,7
82,1996,4,6
83,1996,5,9
84,1996,6,14
85,1996,7,11
86,1996,8,11
87,1996,9,15
88,1996,10,22
89,1996,11,17
90,1996,12,5
91,1996,13,10
92,1997,1,12
93,1997,2,16
94,1997,3,6
95,1997,4,16
96,1997,5,11
97,1997,6,13
98,1997,7,15
99,1997,8,20
100,1997,9,55
101,1997,10,47
102,1997,11,28
103,1997,12,16
104,1997,13,21
105,1998,1,15
106,1998,2,9
107,1998,3,19
108,1998,4,20
109,1998,5,16
110,1998,6,14
111,1998,7,24
112,1998,8,16
113,1998,9,33
114,1998,10,19
115,1998,11,21
116,1998,12,18
117,1998,13,10
118,1999,1,17
119,1999,2,12
120,1999,3,15
121,1999,4,19
122,1999,5,18
123,1999,6,9
124,1999,7,8
125,1999,8,25
126,1999,9,17
127,1999,10,13
128,1999,11,21
129,1999,12,11
130,1999,13,12
131,2000,1,10
132,2000,2,13
133,2000,3,5
134,2000,4,7
135,2000,5,13
136,2000,6,17
137,2000,7,16
138,2000,8,21
139,2000,9,16
140,2000,10,9
