period,year,week,shift,cases
1,2001,1,0,0
2,2001,2,0,1
3,2001,3,0,7
4,2001,4,0,21
5,2001,5,0,11
6,2001,6,0,17
7,2001,7,0,11
8,2001,8,0,10
9,2001,9,0,4
10,2001,10,0,5
11,2001,11,0,4
12,2001,12,0,0
13,2001,13,0,2
14,2001,14,0,1
15,2001,15,0,2
16,2001,16,0,2
17,2001,17,0,0
18,2001,18,0,0
19,2001,19,0,0
20,2001,20,0,0
21,2001,21,0,0
22,2001,22,0,0
23,2001,23,0,0
24,2001,24,0,0
25,2001,25,0,0
26,2001,26,0,0
27,2001,27,0,0
28,2001,28,0,0
29,2001,29,0,0
30,2001,30,0,0
31,2001,31,0,0
32,2001,32,0,0
33,2001,33,0,0
34,2001,34,0,0
35,2001,35,0,0
36,2001,36,0,0
37,2001,37,0,0
38,2001,38,0,1
39,2001,39,0,0
40,2001,40,0,0
41,2001,41,0,0
42,2001,42,0,0
43,2001,43,0,0
44,2001,44,0,0
45,2001,45,0,0
46,2001,46,0,1
47,2001,47,0,0
48,2001,48,0,0
49,2001,49,0,0
50,2001,50,0,0
51,2001,51,0,0
52,2001,52,0,0
53,2002,1,0,0
54,2002,2,0,3
55,2002,3,0,2
56,2002,4,0,4
57,2002,5,0,10
58,2002,6,0,8
59,2002,7,0,8
60,2002,8,0,18
61,2002,9,0,23
62,2002,10,0,16
63,2002,11,0,25
64,2002,12,0,35
65,2002,13,0,19
66,2002,14,0,11
67,2002,15,0,11
68,2002,16,0,6
69,2002,17,0,2
70,2002,18,0,2
71,2002,19,0,0
72,2002,20,0,0
73,2002,21,0,0
74,2002,22,0,0
75,2002,23,0,1
76,2002,24,0,0
77,2002,25,0,0
78,2002,26,0,0
79,2002,27,0,0
80,2002,28,0,0
81,2002,29,0,0
82,2002,30,0,0
83,2002,31,0,0
84,2002,32,0,0
85,2002,33,0,0
86,2002,34,0,0
87,2002,35,0,0
88,2002,36,0,0
89,2002,37,0,0
90,2002,38,0,0
91,2002,39,0,0
92,2002,40,0,0
93,2002,41,0,0
94,2002,42,0,0
95,2002,43,0,0
96,2002,44,0,1
97,2002,45,0,0
98,2002,46,0,0
99,2002,47,0,0
100,2002,48,0,0
101,2002,49,0,0
102,2002,50,0,0
103,2002,51,0,1
104,2002,52,0,1
105,2003,1,0,0
106,2003,2,0,1
107,2003,3,0,0
108,2003,4,0,4
109,2003,5,0,5
110,2003,6,0,19
111,2003,7,0,16
112,2003,8,0,40
113,2003,9,0,74
114,2003,10,0,93
115,2003,11,0,86
116,2003,12,0,53
117,2003,13,0,43
118,2003,14,0,25
119,2003,15,0,12
120,2003,16,0,8
121,2003,17,0,0
122,2003,18,0,0
123,2003,19,0,0
124,2003,20,0,0
125,2003,21,0,0
126,2003,22,0,0
127,2003,23,0,0
128,2003,24,0,0
129,2003,25,0,0
130,2003,26,0,0
131,2003,27,0,0
132,2003,28,0,0
133,2003,29,0,0
134,2003,30,0,0
135,2003,31,0,0
136,2003,32,0,0
137,2003,33,0,0
138,2003,34,0,0
139,2003,35,0,0
140,2003,36,0,0
141,2003,37,0,0
142,2003,38,0,0
143,2003,39,0,0
144,2003,40,0,0
145,2003,41,0,0
146,2003,42,0,1
147,2003,43,0,0
148,2003,44,0,0
149,2003,45,0,0
150,2003,46,0,0
151,2003,47,0,1
152,2003,48,0,0
153,2003,49,0,3
154,2003,50,0,6
155,2003,51,0,14
156,2003,52,0,3
157,2004,1,0,12
158,2004,2,0,6
159,2004,3,0,29
160,2004,4,0,22
161,2004,5,0,32
162,2004,6,0,21
163,2004,7,0,29
164,2004,8,0,9
165,2004,9,0,15
166,2004,10,0,12
167,2004,11,0,28
168,2004,12,0,11
169,2004,13,0,7
170,2004,14,0,2
171,2004,15,0,1
172,2004,16,0,1
173,2004,17,0,0
174,2004,18,0,0
175,2004,19,0,0
176,2004,20,0,0
177,2004,21,0,0
178,2004,22,0,0
179,2004,23,0,0
180,2004,24,0,0
181,2004,25,0,0
182,2004,26,0,0
183,2004,27,0,0
184,2004,28,0,0
185,2004,29,0,0
186,2004,30,0,0
187,2004,31,0,0
188,2004,32,0,0
189,2004,33,0,0
190,2004,34,0,0
191,2004,35,0,0
192,2004,36,0,0
193,2004,37,0,0
194,2004,38,0,0
195,2004,39,0,0
196,2004,40,0,0
197,2004,41,0,0
198,2004,42,0,0
199,2004,43,0,0
200,2004,44,0,0
201,2004,45,0,0
202,2004,46,0,0
203,2004,47,0,0
204,2004,48,0,0
205,2004,49,0,0
206,2004,50,0,1
207,2004,51,0,1
208,2004,52,0,1
209,2004,53,0,1
210,2005,1,0,4
211,2005,2,0,2
212,2005,3,0,1
213,2005,4,1,8
214,2005,5,1,27
215,2005,6,1,47
216,2005,7,1,81
217,2005,8,1,102
218,2005,9,1,76
219,2005,10,1,80
220,2005,11,1,51
221,2005,12,1,30
222,2005,13,1,13
223,2005,14,1,3
224,2005,15,1,1
225,2005,16,1,2
226,2005,17,1,0
227,2005,18,1,0
228,2005,19,1,0
229,2005,20,1,0
230,2005,21,1,0
231,2005,22,1,0
232,2005,23,1,0
233,2005,24,1,0
234,2005,25,1,0
235,2005,26,1,0
236,2005,27,1,0
237,2005,28,1,0
238,2005,29,1,0
239,2005,30,1,0
240,2005,31,1,0
241,2005,32,1,0
242,2005,33,1,0
243,2005,34,1,0
244,2005,35,1,0
245,2005,36,1,0
246,2005,37,1,0
247,2005,38,1,0
248,2005,39,1,0
249,2005,40,1,0
250,2005,41,1,0
251,2005,42,1,0
252,2005,43,1,0
253,2005,44,1,2
254,2005,45,1,1
255,2005,46,1,0
256,2005,47,1,1
257,2005,48,1,1
258,2005,49,1,0
259,2005,50,1,0
260,2005,51,1,0
261,2005,52,1,0
262,2006,1,1,0
263,2006,2,1,0
264,2006,3,1,0
265,2006,4,1,0
266,2006,5,1,4
267,2006,6,1,3
268,2006,7,1,3
269,2006,8,1,10
270,2006,9,1,14
271,2006,10,1,27
272,2006,11,1,47
273,2006,12,1,50
274,2006,13,1,66
275,2006,14,1,30
276,2006,15,1,18
277,2006,16,1,5
278,2006,17,1,6
279,2006,18,1,1
280,2006,19,1,0
281,2006,20,1,1
282,2006,21,1,1
283,2006,22,1,1
284,2006,23,1,0
285,2006,24,1,0
286,2006,25,1,0
287,2006,26,1,0
288,2006,27,1,0
289,2006,28,1,0
290,2006,29,1,0
291,2006,30,1,0
292,2006,31,1,0
293,2006,32,1,0
294,2006,33,1,0
295,2006,34,1,0
296,2006,35,1,0
297,2006,36,1,0
298,2006,37,1,0
299,2006,38,1,0
300,2006,39,1,0
301,2006,40,1,0
302,2006,41,1,0
303,2006,42,1,0
304,2006,43,1,0
305,2006,44,1,0
306,2006,45,1,1
307,2006,46,1,0
308,2006,47,1,0
309,2006,48,1,0
310,2006,49,1,0
311,2006,50,1,0
312,2006,51,1,1
313,2006,52,1,0
314,2007,1,1,1
315,2007,2,1,2
316,2007,3,1,0
317,2007,4,1,5
318,2007,5,1,15
319,2007,6,1,54
320,2007,7,1,121
321,2007,8,1,178
322,2007,9,1,358
323,2007,10,1,358
324,2007,11,1,267
325,2007,12,1,154
326,2007,13,1,82
327,2007,14,1,30
328,2007,15,1,12
329,2007,16,1,6
330,2007,17,1,0
331,2007,18,1,1
332,2007,19,1,0
333,2007,20,1,1
334,2007,21,1,0
335,2007,22,1,0
336,2007,23,1,0
337,2007,24,1,0
338,2007,25,1,0
339,2007,26,1,0
340,2007,27,1,1
341,2007,28,1,0
342,2007,29,1,0
343,2007,30,1,1
344,2007,31,1,0
345,2007,32,1,0
346,2007,33,1,0
347,2007,34,1,0
348,2007,35,1,1
349,2007,36,1,0
350,2007,37,1,1
351,2007,38,1,0
352,2007,39,1,0
353,2007,40,1,0
354,2007,41,1,0
355,2007,42,1,0
356,2007,43,1,0
357,2007,44,1,0
358,2007,45,1,0
359,2007,46,1,0
360,2007,47,1,0
361,2007,48,1,0
362,2007,49,1,0
363,2007,50,1,0
364,2007,51,1,2
365,2007,52,1,1
366,2008,1,1,1
367,2008,2,1,7
368,2008,3,1,25
369,2008,4,1,41
370,2008,5,1,116
371,2008,6,1,148
372,2008,7,1,213
373,2008,8,1,238
374,2008,9,1,227
375,2008,10,1,117
376,2008,11,1,96
377,2008,12,1,36
378,2008,13,1,28
379,2008,14,1,13
380,2008,15,1,15
381,2008,16,1,10
382,2008,17,1,7
383,2008,18,1,10
384,2008,19,1,4
385,2008,20,1,1
386,2008,21,1,0
387,2008,22,1,0
388,2008,23,1,0
389,2008,24,1,0
390,2008,25,1,0
391,2008,26,1,0
392,2008,27,1,0
393,2008,28,1,1
394,2008,29,1,0
395,2008,30,1,0
396,2008,31,1,0
397,2008,32,1,0
398,2008,33,1,0
399,2008,34,1,0
400,2008,35,1,0
401,2008,36,1,1
402,2008,37,1,0
403,2008,38,1,1
404,2008,39,1,0
405,2008,40,1,0
406,2008,41,1,0
407,2008,42,1,0
408,2008,43,1,1
409,2008,44,1,0
410,2008,45,1,0
411,2008,46,1,0
412,2008,47,1,0
413,2008,48,1,1
414,2008,49,1,2
415,2008,50,1,21
416,2008,51,1,39
417,2008,52,1,21
418,2009,1,1,47
419,2009,2,1,64
420,2009,3,1,145
421,2009,4,1,237
422,2009,5,1,184
423,2009,6,1,214
424,2009,7,1,191
425,2009,8,1,91
426,2009,9,1,78
427,2009,10,1,44
428,2009,11,1,36
429,2009,12,1,42
430,2009,13,1,29
431,2009,14,1,10
432,2009,15,1,5
433,2009,16,1,4
434,2009,17,1,1
435,2009,18,1,3
436,2009,19,1,7
437,2009,20,1,3
438,2009,21,1,6
439,2009,22,1,4
440,2009,23,1,11
441,2009,24,1,63
442,2009,25,1,62
443,2009,26,1,67
444,2009,27,1,47
445,2009,28,1,67
446,2009,29,1,280
447,2009,30,1,931
448,2009,31,1,971
449,2009,32,1,720
450,2009,33,1,541
451,2009,34,1,348
452,2009,35,1,293
453,2009,36,1,223
454,2009,37,1,166
455,2009,38,1,100
456,2009,39,1,94
457,2009,40,1,168
458,2009,41,1,177
459,2009,42,1,229
460,2009,43,1,460
461,2009,44,1,750
462,2009,45,1,3202
463,2009,46,1,7256
464,2009,47,1,3438
465,2009,48,1,2002
466,2009,49,1,1199
467,2009,50,1,762
468,2009,51,1,403
469,2009,52,1,183
470,2009,53,1,88
471,2010,1,1,104
472,2010,2,1,53
473,2010,3,1,35
474,2010,4,1,27
475,2010,5,1,13
476,2010,6,1,7
477,2010,7,1,12
478,2010,8,1,10
479,2010,9,1,13
480,2010,10,1,6
481,2010,11,1,5
482,2010,12,1,6
483,2010,13,1,2
484,2010,14,1,0
485,2010,15,1,3
486,2010,16,1,0
487,2010,17,1,0
488,2010,18,1,0
489,2010,19,1,0
490,2010,20,1,0
491,2010,21,1,0
492,2010,22,1,0
493,2010,23,1,0
494,2010,24,1,1
495,2010,25,1,0
496,2010,26,1,0
497,2010,27,1,0
498,2010,28,1,0
499,2010,29,1,0
500,2010,30,1,0
501,2010,31,1,0
502,2010,32,1,0
503,2010,33,1,0
504,2010,34,1,1
505,2010,35,1,1
506,2010,36,1,1
507,2010,37,1,0
508,2010,38,1,0
509,2010,39,1,1
510,2010,40,1,0
511,2010,41,1,1
512,2010,42,1,0
513,2010,43,1,0
514,2010,44,1,0
515,2010,45,1,0
516,2010,46,1,0
517,2010,47,1,0
518,2010,48,1,0
519,2010,49,1,0
520,2010,50,1,4
521,2010,51,1,12
522,2010,52,1,23
523,2011,1,1,98
524,2011,2,1,328
525,2011,3,1,746
526,2011,4,1,761
527,2011,5,1,951
528,2011,6,1,946
529,2011,7,1,769
530,2011,8,1,431
531,2011,9,1,306
532,2011,10,1,209
533,2011,11,1,175
534,2011,12,1,109
535,2011,13,1,59
536,2011,14,1,38
537,2011,15,1,17
538,2011,16,1,6
539,2011,17,1,1
540,2011,18,1,6
541,2011,19,1,2
542,2011,20,1,0
543,2011,21,1,0
544,2011,22,1,0
545,2011,23,1,0
546,2011,24,1,0
547,2011,25,1,0
548,2011,26,1,0
549,2011,27,1,0
550,2011,28,1,0
551,2011,29,1,0
552,2011,30,1,0
553,2011,31,1,3
554,2011,32,1,0
555,2011,33,1,0
556,2011,34,1,0
557,2011,35,1,0
558,2011,36,1,0
559,2011,37,1,0
560,2011,38,1,0
561,2011,39,1,0
562,2011,40,1,1
563,2011,41,1,1
564,2011,42,1,0
565,2011,43,1,0
566,2011,44,1,0
567,2011,45,1,0
568,2011,46,1,0
569,2011,47,1,1
570,2011,48,1,4
571,2011,49,1,1
572,2011,50,1,1
573,2011,51,1,0
574,2011,52,1,2
575,2012,1,1,1
576,2012,2,1,1
577,2012,3,1,2
578,2012,4,1,3
579,2012,5,1,12
580,2012,6,1,11
581,2012,7,1,26
582,2012,8,1,40
583,2012,9,1,79
584,2012,10,1,64
585,2012,11,1,72
586,2012,12,1,48
587,2012,13,1,32
588,2012,14,1,22
589,2012,15,1,6
590,2012,16,1,10
591,2012,17,1,6
592,2012,18,1,10
593,2012,19,1,3
594,2012,20,1,1
595,2012,21,1,9
596,2012,22,1,4
597,2012,23,1,1
598,2012,24,1,0
599,2012,25,1,0
600,2012,26,1,0
601,2012,27,1,0
602,2012,28,1,0
603,2012,29,1,0
604,2012,30,1,0
605,2012,31,1,0
606,2012,32,1,1
607,2012,33,1,0
608,2012,34,1,0
609,2012,35,1,0
610,2012,36,1,2
611,2012,37,1,0
612,2012,38,1,2
613,2012,39,1,0
614,2012,40,1,0
615,2012,41,1,0
616,2012,42,1,1
617,2012,43,1,1
618,2012,44,1,0
619,2012,45,1,0
620,2012,46,1,0
621,2012,47,1,0
622,2012,48,1,7
623,2012,49,1,8
624,2012,50,1,9
625,2012,51,1,30
626,2012,52,1,11
627,2013,1,1,25
628,2013,2,1,61
629,2013,3,1,90
630,2013,4,1,191
631,2013,5,1,417
632,2013,6,1,548
633,2013,7,1,711
634,2013,8,1,1155
635,2013,9,1,1101
636,2013,10,1,760
637,2013,11,1,494
638,2013,12,1,285
639,2013,13,1,120
640,2013,14,1,89
641,2013,15,1,91
642,2013,16,1,53
643,2013,17,1,16
644,2013,18,1,10
645,2013,19,1,5
646,2013,20,1,1
