period,year,season,outbreak,cases
1,1990,1,0,2
2,1990,2,0,3
3,1990,3,0,4
4,1990,4,0,1
5,1990,5,0,6
6,1990,6,0,9
7,1990,7,0,12
8,1990,8,0,8
9,1990,9,0,5
10,1990,10,0,7
11,1990,11,0,11
12,1990,12,0,9
13,1990,13,0,6
14,1991,1,0,6
15,1991,2,0,9
16,1991,3,0,6
17,1991,4,0,12
18,1991,5,0,8
19,1991,6,0,7
20,1991,7,0,5
21,1991,8,0,10
22,1991,9,0,12
23,1991,10,0,12
24,1991,11,0,9
25,1991,12,0,12
26,1991,13,0,8
27,1992,1,0,9
28,1992,2,0,14
29,1992,3,0,5
30,1992,4,0,5
31,1992,5,0,9
32,1992,6,0,14
33,1992,7,0,8
34,1992,8,0,10
35,1992,9,0,16
36,1992,10,0,13
37,1992,11,0,12
38,1992,12,0,10
39,1992,13,0,7
40,1993,1,0,9
41,1993,2,0,6
42,1993,3,0,8
43,1993,4,0,6
44,1993,5,0,4
45,1993,6,0,6
46,1993,7,0,6
47,1993,8,0,11
48,1993,9,0,8
49,1993,10,0,10
50,1993,11,0,11
51,1993,12,0,13
52,1993,13,0,5
53,1994,1,0,6
54,1994,2,0,3
55,1994,3,0,4
56,1994,4,0,8
57,1994,5,0,2
58,1994,6,0,7
59,1994,7,0,12
60,1994,8,0,12
61,1994,9,0,14
62,1994,10,0,12
63,1994,11,0,7
64,1994,12,0,7
65,1994,13,0,8
66,1995,1,0,7
67,1995,2,0,7
68,1995,3,0,3
69,1995,4,0,5
70,1995,5,0,5
71,1995,6,0,10
72,1995,7,0,7
73,1995,8,0,8
74,1995,9,0,13
75,1995,10,0,13
76,1995,11,0,11
77,1995,12,0,12
78,1995,13,0,6
79,1996,1,0,8
80,1996,2,0,4
81,1996,3,0,7
82,1996,4,0,6
83,1996,5,0,9
84,1996,6,1,14
85,1996,7,1,11
86,1996,8,1,11
87,1996,9,1,15
88,1996,10,1,22
89,1996,11,1,17
90,1996,12,1,5
91,1996,13,1,10
92,1997,1,1,12
93,1997,2,1,16
94,1997,3,1,6
95,1997,4,1,16
96,1997,5,1,11
97,1997,6,1,13
98,1997,7,1,15
99,1997,8,1,20
100,1997,9,1,55
101,1997,10,1,47
102,1997,11,1,28
103,1997,12,1,16
104,1997,13,1,21
105,1998,1,1,15
106,1998,2,1,9
107,1998,3,1,19
108,1998,4,1,20
109,1998,5,1,16
110,1998,6,1,14
111,1998,7,1,24
112,1998,8,1,16
113,1998,9,1,33
114,1998,10,1,19
115,1998,11,1,21
116,1998,12,1,18
117,1998,13,1,10
118,1999,1,1,17
119,1999,2,1,12
120,1999,3,1,15
121,1999,4,1,19
122,1999,5,1,18
123,1999,6,1,9
124,1999,7,1,8
125,1999,8,1,25
126,1999,9,1,17
127,1999,10,1,13
128,1999,11,1,21
129,1999,12,1,11
130,1999,13,1,12
131,2000,1,1,10
132,2000,2,1,13
133,2000,3,1,5
134,2000,4,1,7
135,2000,5,1,13
136,2000,6,1,17
137,2000,7,1,16
138,2000,8,1,21
139,2000,9,1,16
140,2000,10,1,9
