0.34646271540563578,-0.23714640500372838,-0.50981168173314872
0.62210986335037444,0.5580665070353048,5.5507119672382421
0.25604976744195085,-0.10521040268175305,0.64857867705366357
-0.0047185197871213386,0.1241406892080088,1.1636375109619681
1.2653297546489859,0.57574664826915289,-0.8908915624294943
-1.3366377249367098,0.2872065402039205,1.3832956264456915
0.32885647848161514,0.52917416181172561,2.7064772585440702
-0.33642788885355096,-0.091980413181809495,0.55276519750327191
-0.69695726710341499,-0.22738808514832592,2.7242424166455748
-0.38657116091637539,0.38227181485038397,2.9173074717666578
-0.99527792370764645,-0.28085546666177241,1.0817108306453926
0.01071652243973129,-0.17817869435223446,-0.32423279315141107
-0.21141282555405252,0.50464509663596413,-3.0093378679649461
-0.23915819438959277,0.45762388009458543,-1.771221414113515
0.00027208002948113911,-0.074424565607110638,-0.023848611857282376
0.67685037300732653,0.15003527262630023,0.88682872313846606
-0.13335621314226434,-0.9672851266656497,-0.75918092248353208
-0.044296759566241357,-0.018542352008073172,-0.10053524833664311
0.2695143900403707,0.53395939864197972,0.67273323363774717
-0.0011237640279300465,0.012338107122711932,0.021576447081347493
-0.019065754596533809,0.50963217583484999,-2.111593250971453
0.29835348832976111,-0.12740093341949771,-0.70234565602892485
-0.82710489447453184,0.60298458369883001,0.19778595349032455
0.048663618992403221,-0.028510246186725093,-0.022070769469945507
-0.054200646314024853,0.018180220564971379,-0.087862730104842177
0.14813619272715076,0.2092576357690808,1.0742454950949656
-0.1534347752697256,-0.19891265053435736,0.13216370665292218
0.13745859563819937,0.071842439623231696,0.92936395637036262
0.69275880173219884,-0.1568083822339785,2.1889953953253016
0.067804602588767707,-0.15434175938005687,-0.6192785904328495
0.051387639571787373,0.039377126617466174,-0.25530122581236075
2.3821612743359424,-1.562544746442335,-6.3745770458443936
0.0078036265502254131,-0.042854082801918512,0.081955238453953805
0.61175700442935155,0.51438254376888914,2.1382436638629212
-0.20840705432761289,0.55528594520267438,0.15617107151868004
-1.1056473956627679,-0.22834731074211506,1.3904956433933831
0.07433791606359115,-0.23750835135370105,1.7207283578274026
0.010097738140464047,-0.28397416483318866,-3.0204486829040706
0.1067568425950159,0.14914378988142676,1.6452723856112308
-0.051689822795882155,-0.10210612462304015,0.66589921006071684
-0.052766279380098154,-0.019043869377724551,-0.0095835766104114192
-0.10266882019007413,0.1939045910218174,-2.0154599300150418
0.17258223853141025,-0.14355215385659961,0.98427860523346078
-0.46197421696823487,-0.30211456569061312,-0.8023029748855508
-0.1859815684360932,-0.30281875966979904,0.91742711829662149
0.18943975781366085,-0.30329012007798523,-2.1590874853368183
-0.12948364849876404,-0.0040160041967013419,0.33611476282435321
-0.45636409799609362,-0.40815085188114025,1.5046816495063189
-0.30221877934203895,-0.18564808295456456,1.0678179135334307
-0.36503195662280602,0.29986003181857396,-1.5107094393912521
-0.12291581109100014,-0.032707295515280788,-0.101570747405006
-0.51463271324029936,0.48754108484218928,-2.0113178017096693
-0.49850790852132232,-0.22743926561088762,-2.5251577566814207
-0.13253739489688779,-0.13443892923950984,0.77329028177725334
-0.11700957634885994,-0.16348379645512331,2.1407928853047
0.026115102010560359,-0.37341447032895414,1.1727678558555699
-0.030486906020038423,0.16221731152711646,-1.9183104399654158
0.97785580419808937,-0.24716926853807805,-0.94441253415210191
0.17683244492659558,0.21587539781516107,-0.69709709508911599
-0.11002839986482515,-0.047508476166148159,0.033826868148077588
-0.039530514920223948,-0.11666633179323002,0.26015443383307274
-0.019462707393673624,-0.27364948221931257,-1.1608552772436336
-0.31172237450733326,-0.95331300385814399,0.36994213304684481
-0.071702985390534865,0.016327192268968158,0.52205395351933526
-0.0354820636026313,-0.019857812422941209,-0.065906226810750312
-0.50463386546905831,0.49068550181030401,-0.54963382459248711
-0.011089790520344842,0.011700415231103758,-0.069931439623320282
-1.2164135140967625,0.23872960113485986,-0.1522281619390165
-0.083898930216069367,-0.041619879343181565,-0.01567335704800674
0.053160364699448015,-0.028794054674929497,-0.054269170827968935
-0.082629249245967984,-0.064170957756915711,-0.31628113337955821
-0.1689318000368247,-0.16110527588621171,0.77955957417127364
-0.039767408869767852,-0.16690167580995105,0.52176133612241216
-0.10486010379540082,0.051844270666026197,0.20877064712322008
0.10325056517140951,0.10858837180220679,-0.10471222051766912
-0.20432264929850896,0.046191188008384246,-0.037899648096221213
-0.075805579384106064,0.017643228031519749,0.22998121305864352
-0.016000637895002865,-0.039887012059445351,-0.057558708911966731
-0.39002356440092623,0.098628844499130508,-0.37055488921033575
0.85989735329121453,-0.24076458036623274,-3.3873059288239147
0.01248011212731035,-0.075766536240861465,0.18522063606686756
-0.23520895167127845,-0.13192161882111117,1.4704379418543323
0.25508629175629971,-0.89792698208760735,-1.4819040673542698
-0.27269200462652576,-0.11844473331545204,0.022977516028069696
-0.88749972358493312,0.15863750930489945,-0.3964464068349674
-1.0082774672859234,-0.17118680434052588,-2.5411417081394236
0.2348071605537925,-0.27563293245924214,0.68639196483410159
-0.11440242450754004,-0.0042135754052446189,-0.082895417215101658
-0.45898801578201254,-0.22845102441316176,-0.3790409082206686
0.22878912334257032,0.17132867927598283,-0.10613667969482418
0.46355809327701658,-0.13302485555633242,-0.42881398078753558
0.99059719822785963,0.4383655871660796,-0.52389011302585764
-0.47161647458276562,0.49831443507508483,0.54770883762546585
0.81212306236614096,-0.50308308868138252,-0.24487198375492208
0.42766298427457777,-0.13390702894299059,1.3589707540305529
0.13534482418036956,0.017584902510769509,-0.044836003233362877
2.5664145100179745,0.66958553082062533,7.4868724671819384
-0.24593005361285322,0.15194432704362187,0.26777256245355624
0.53848877484390845,-0.45540098717950889,0.091914755732825162
-0.60528193508029282,-0.56126025087117126,-0.050093354855671068
0.288246080054742,0.13270473112514378,-1.0998372637882987
-0.01919034042477916,-0.14837899384318426,0.14178857264702308
0.64750501621548295,0.12543835931793793,-1.5253480276169316
-0.039738491880119658,-0.1628121053610414,0.35270077662002497
-0.032960844518666425,-0.072000558735326764,-0.080733219696537142
0.02109554963919948,0.52550139605348356,1.621631817137974
-0.039990086164666296,-0.09500358912636718,0.77676415712261682
0.84612431702798363,0.66291244059352838,-4.01232336868331
0.28820641442381578,0.61827470128765516,1.9801132445917213
-0.0082118676948534277,0.51522964363740265,1.4129370002554176
-0.80901414069691724,-0.22508086114366013,0.69574345588424991
-0.61741356345414378,0.11184573869357624,-0.58881349353751133
-1.6743108268909699,0.42828815509555468,-2.2035018869628646
-0.43887388237416697,0.096166990636912697,0.80407043207235607
-0.19965736088912625,-0.11170719998511608,1.441897777737047
-0.064142885964087959,-0.088578884742261402,0.44748026585795631
0.35114016825250843,0.22334977728595787,2.7053992307813903
-0.76534920482339019,0.65688629511362417,-3.8800173701105356
-0.72974153319140478,0.14131437109801187,-0.18536277077469659
0.74621023362353889,0.13231436445155292,1.0210017449652273
0.15919040598601511,-0.12107263137977083,-2.031025416412688
0.27125205179242334,0.49194899438135403,-0.79108473694295112
-0.20361042066329499,-0.23099789491744321,-0.095055192036446287
-0.028557815897947338,-0.089827342842734456,-0.23611314873322928
0.1481059476249483,0.021195123136806542,0.24648818454570059
0.011839095611755586,0.065141335946113738,0.044668729806519265
0.0013444550925473724,-0.15295951656659371,0.8031529379007043
1.4116884224339077,-0.16141878651135755,-0.31217186648451584
0.6076003651487426,-0.28591169167493713,-2.7812352996243517
-0.5936853042554382,-0.22634619814064935,-2.3875282555053925
-0.037919624157347273,-0.087155251001899969,-0.56500257971190226
-1.2953930448588575,0.59449737539911052,-1.8393055221036443
-0.12055640621230389,0.16113675234570968,0.31142757184649789
1.1123650683165609,-1.0180493832070241,-2.1318033411548303
0.58656991835303041,-0.13616275299333933,-0.78551900920733542
-1.3325535005782836,0.25821455595331827,-2.6940244673820835
0.053680667123264393,0.59592597492270682,0.82464993351506866
0.00035585083067623727,-0.028755836099282006,0.21747992578271569
-0.03648024861400375,-0.012277724282714614,0.18097749247064593
0.048008144504124849,-0.10386699529789571,-1.327621865553456
1.2780648757463513,-0.30537010957355432,1.8101791942947107
-0.77185250802763561,0.48813957102816569,3.1717601350936815
-0.083238369735170237,-0.039367591327429438,-0.039654114548491992
0.58534721081466257,-0.21186284244105819,2.0226591784518106
-0.048482827593810222,-0.088981532940974009,-0.049023452064450294
0.15280150089352296,0.022175346737107759,0.72440485485537298
0.042696632961851035,-0.10014342473829639,0.5898908906341257
-0.15746010739346983,0.55858832781820034,2.3670933050784453
-0.46262130192037176,-0.28253959040647808,-1.3139785658351031
-0.082787356370655166,-0.11108091964939222,0.61711564584928258
-0.60974208143841513,-0.27017525848243107,0.85083602728330776
0.24504365704509543,-0.11625981570306693,-0.83534396419692158
1.36427487359241,0.28440022598454928,2.8744265138637042
1.1958151004152695,-0.55897678621084956,-1.9891238786409846
-0.57251317819241931,0.60660251592974934,0.17842348024168828
-0.048290877648821583,0.018250477505170309,-0.21209854677329629
0.59584271328860117,-0.23929590648079729,-0.84476151188381565
0.19360565270322591,-0.30345512373937245,0.14534671759361106
-0.86269085500421883,0.25233301243207362,-3.0354965533962028
-0.040843131516123392,0.062370624427251567,-0.18184616587427235
